gene_symbol	n_cohorts_detected	cohorts_detected	meta_direction	meta_beta	meta_se	meta_z	meta_p_value	meta_fdr	n_nominal_p_lt_0_05	n_fdr_lt_0_10	n_case_up_cohorts	n_case_down_cohorts	direction_consistency	leave_one_cohort_out_tested	leave_one_cohort_out_replicated	leave_one_cohort_out_replication_rate	leave_one_cohort_out_details	heterogeneity_q	heterogeneity_i2	tau_sq	heterogeneity_flag	effects_by_cohort	p_values_by_cohort	fdr_by_cohort
CHCHD10	4	GSE111006_HSS,GSE111010_JSS,GSE111016_SSS,GSE226151	case_down	-0.16407363611713538	0.036623436960864904	-4.480017435077469	7.463694222710818e-06	0.25479939738926194	1	0	0	4	1.0	4	4	1.0	GSE111006_HSS:match(heldout=-0.18963,discovery_mean=-0.21147);GSE111010_JSS:match(heldout=-0.15249,discovery_mean=-0.22386);GSE111016_SSS:match(heldout=-0.15817,discovery_mean=-0.22196);GSE226151:match(heldout=-0.32377,discovery_mean=-0.16676)	0.501160450253148	0.0	0.0	False	GSE111006_HSS:-0.189629;GSE111010_JSS:-0.152485;GSE111016_SSS:-0.158169;GSE226151:-0.32377	GSE111006_HSS:0.175659;GSE111010_JSS:0.454884;GSE111016_SSS:0.000265566;GSE226151:0.187013	GSE111006_HSS:0.728727;GSE111010_JSS:0.999436;GSE111016_SSS:0.894611;GSE226151:0.621678
CLTB	4	GSE111006_HSS,GSE111010_JSS,GSE111016_SSS,GSE226151	case_down	-0.1448129641888367	0.03357990050501098	-4.312489376412146	1.6142664120240225e-05	0.25479939738926194	1	0	0	4	1.0	4	4	1.0	GSE111006_HSS:match(heldout=-0.12945,discovery_mean=-0.18307);GSE111010_JSS:match(heldout=-0.12389,discovery_mean=-0.18493);GSE111016_SSS:match(heldout=-0.14478,discovery_mean=-0.17796);GSE226151:match(heldout=-0.28055,discovery_mean=-0.13271)	0.4418169651893001	0.0	0.0	False	GSE111006_HSS:-0.129448;GSE111010_JSS:-0.12389;GSE111016_SSS:-0.144777;GSE226151:-0.280552	GSE111006_HSS:0.142408;GSE111010_JSS:0.456007;GSE111016_SSS:0.000509551;GSE226151:0.203156	GSE111006_HSS:0.698567;GSE111010_JSS:0.999436;GSE111016_SSS:0.894611;GSE226151:0.628547
CCDC28B	4	GSE111006_HSS,GSE111010_JSS,GSE111016_SSS,GSE226151	case_down	-0.21580324138780826	0.05304814738348829	-4.068063674830216	4.7405428584887744e-05	0.303148437505163	2	0	0	4	1.0	4	4	1.0	GSE111006_HSS:match(heldout=-0.19935,discovery_mean=-0.1893);GSE111010_JSS:match(heldout=-0.11017,discovery_mean=-0.21903);GSE111016_SSS:match(heldout=-0.24718,discovery_mean=-0.17336);GSE226151:match(heldout=-0.21056,discovery_mean=-0.18557)	0.476837922374485	0.0	0.0	False	GSE111006_HSS:-0.199352;GSE111010_JSS:-0.110166;GSE111016_SSS:-0.247185;GSE226151:-0.210564	GSE111006_HSS:0.0278289;GSE111010_JSS:0.586713;GSE111016_SSS:0.0033354;GSE226151:0.226796	GSE111006_HSS:0.509161;GSE111010_JSS:0.999436;GSE111016_SSS:0.894611;GSE226151:0.643935
DYNLL2	4	GSE111006_HSS,GSE111010_JSS,GSE111016_SSS,GSE226151	case_down	-0.1372758510655519	0.0344577920469088	-3.983884135079598	6.779793781915498e-05	0.303148437505163	2	0	0	4	1.0	4	4	1.0	GSE111006_HSS:match(heldout=-0.18839,discovery_mean=-0.1008);GSE111010_JSS:match(heldout=-0.046265,discovery_mean=-0.14817);GSE111016_SSS:match(heldout=-0.13427,discovery_mean=-0.11884);GSE226151:match(heldout=-0.12186,discovery_mean=-0.12297)	0.6594324214644305	0.0	0.0	False	GSE111006_HSS:-0.188388;GSE111010_JSS:-0.0462649;GSE111016_SSS:-0.134267;GSE226151:-0.121865	GSE111006_HSS:0.0399558;GSE111010_JSS:0.788756;GSE111016_SSS:0.00305807;GSE226151:0.190193	GSE111006_HSS:0.539975;GSE111010_JSS:0.999436;GSE111016_SSS:0.894611;GSE226151:0.6237
GTF2F2	4	GSE111006_HSS,GSE111010_JSS,GSE111016_SSS,GSE226151	case_down	-0.16077529451545797	0.040412830715539826	-3.978323014468658	6.940304391998017e-05	0.303148437505163	2	0	0	4	1.0	4	4	1.0	GSE111006_HSS:match(heldout=-0.15954,discovery_mean=-0.17287);GSE111010_JSS:match(heldout=-0.1937,discovery_mean=-0.16149);GSE111016_SSS:match(heldout=-0.11426,discovery_mean=-0.18797);GSE226151:match(heldout=-0.21067,discovery_mean=-0.15583)	1.0796127999455434	0.0	0.0	False	GSE111006_HSS:-0.159536;GSE111010_JSS:-0.193695;GSE111016_SSS:-0.114259;GSE226151:-0.21067	GSE111006_HSS:0.253536;GSE111010_JSS:0.0229765;GSE111016_SSS:0.073378;GSE226151:0.0185048	GSE111006_HSS:0.783099;GSE111010_JSS:0.999436;GSE111016_SSS:0.894611;GSE226151:0.495387
PLEKHJ1	4	GSE111006_HSS,GSE111010_JSS,GSE111016_SSS,GSE226151	case_down	-0.17030465089254412	0.04286808200775605	-3.9727611527320303	7.104427804885467e-05	0.303148437505163	1	0	0	4	1.0	4	4	1.0	GSE111006_HSS:match(heldout=-0.15427,discovery_mean=-0.15981);GSE111010_JSS:match(heldout=-0.070786,discovery_mean=-0.18763);GSE111016_SSS:match(heldout=-0.17925,discovery_mean=-0.15148);GSE226151:match(heldout=-0.22939,discovery_mean=-0.13477)	0.5327994177418781	0.0	0.0	False	GSE111006_HSS:-0.154269;GSE111010_JSS:-0.0707859;GSE111016_SSS:-0.179246;GSE226151:-0.229386	GSE111006_HSS:0.125392;GSE111010_JSS:0.67443;GSE111016_SSS:0.00143022;GSE226151:0.192349	GSE111006_HSS:0.67817;GSE111010_JSS:0.999436;GSE111016_SSS:0.894611;GSE226151:0.6237
EIF2B3	4	GSE111006_HSS,GSE111010_JSS,GSE111016_SSS,GSE226151	case_down	-0.11202116611348195	0.028432334748489583	-3.9399214698480884	8.150828610415176e-05	0.303148437505163	2	0	0	4	1.0	4	4	1.0	GSE111006_HSS:match(heldout=-0.035626,discovery_mean=-0.14138);GSE111010_JSS:match(heldout=-0.13571,discovery_mean=-0.10802);GSE111016_SSS:match(heldout=-0.11323,discovery_mean=-0.11552);GSE226151:match(heldout=-0.17521,discovery_mean=-0.094855)	2.066500127507159	0.0	0.0	False	GSE111006_HSS:-0.0356255;GSE111010_JSS:-0.135711;GSE111016_SSS:-0.113229;GSE226151:-0.17521	GSE111006_HSS:0.592766;GSE111010_JSS:0.0157971;GSE111016_SSS:0.0155811;GSE226151:0.0556245	GSE111006_HSS:0.919891;GSE111010_JSS:0.999436;GSE111016_SSS:0.894611;GSE226151:0.561166
TIMM17A	4	GSE111006_HSS,GSE111010_JSS,GSE111016_SSS,GSE226151	case_down	-0.1459220443536113	0.037526075118094714	-3.888550664954809	0.00010084462073020405	0.303148437505163	2	0	0	4	1.0	4	4	1.0	GSE111006_HSS:match(heldout=-0.20507,discovery_mean=-0.11284);GSE111010_JSS:match(heldout=-0.028089,discovery_mean=-0.17183);GSE111016_SSS:match(heldout=-0.15426,discovery_mean=-0.12977);GSE226151:match(heldout=-0.15616,discovery_mean=-0.12914)	2.012162314056352	0.0	0.0	False	GSE111006_HSS:-0.20507;GSE111010_JSS:-0.0280885;GSE111016_SSS:-0.154258;GSE226151:-0.156165	GSE111006_HSS:0.0209566;GSE111010_JSS:0.774928;GSE111016_SSS:0.0113003;GSE226151:0.0537289	GSE111006_HSS:0.486155;GSE111010_JSS:0.999436;GSE111016_SSS:0.894611;GSE226151:0.558041
MRPS15	4	GSE111006_HSS,GSE111010_JSS,GSE111016_SSS,GSE226151	case_down	-0.13649091556459647	0.0354852162343933	-3.8464163403436022	0.00011985802959644115	0.303148437505163	2	0	0	4	1.0	4	4	1.0	GSE111006_HSS:match(heldout=-0.086187,discovery_mean=-0.15798);GSE111010_JSS:match(heldout=-0.057328,discovery_mean=-0.1676);GSE111016_SSS:match(heldout=-0.14688,discovery_mean=-0.13775);GSE226151:match(heldout=-0.26974,discovery_mean=-0.096799)	2.081301312641567	0.0	0.0	False	GSE111006_HSS:-0.0861867;GSE111010_JSS:-0.0573279;GSE111016_SSS:-0.146882;GSE226151:-0.269741	GSE111006_HSS:0.30431;GSE111010_JSS:0.611563;GSE111016_SSS:0.00221322;GSE226151:0.0368432	GSE111006_HSS:0.809632;GSE111010_JSS:0.999436;GSE111016_SSS:0.894611;GSE226151:0.542379
CYSTM1	4	GSE111006_HSS,GSE111010_JSS,GSE111016_SSS,GSE226151	case_down	-0.20815466138220154	0.05516576097254859	-3.7732582259815612	0.00016112936246210697	0.303148437505163	2	0	0	4	1.0	4	4	1.0	GSE111006_HSS:match(heldout=-0.2393,discovery_mean=-0.20944);GSE111010_JSS:match(heldout=-0.16409,discovery_mean=-0.23451);GSE111016_SSS:match(heldout=-0.1741,discovery_mean=-0.23118);GSE226151:match(heldout=-0.29013,discovery_mean=-0.1925)	0.7540930892636524	0.0	0.0	False	GSE111006_HSS:-0.239303;GSE111010_JSS:-0.164091;GSE111016_SSS:-0.174101;GSE226151:-0.290132	GSE111006_HSS:0.066753;GSE111010_JSS:0.3296;GSE111016_SSS:0.0318714;GSE226151:0.0260286	GSE111006_HSS:0.594363;GSE111010_JSS:0.999436;GSE111016_SSS:0.894611;GSE226151:0.514652
CALHM4	2	GSE111016_SSS,GSE226151	case_down	-0.08223831154529938	0.021797432851821445	-3.7728438988368005	0.00016139727557645432	0.303148437505163	1	0	0	2	1.0	2	2	1.0	GSE111016_SSS:match(heldout=-0.085254,discovery_mean=-0.036127);GSE226151:match(heldout=-0.036127,discovery_mean=-0.085254)	0.2926764154286051	0.0	0.0	False	GSE111016_SSS:-0.085254;GSE226151:-0.0361271	GSE111016_SSS:0.000539384;GSE226151:0.683769	GSE111016_SSS:0.894611;GSE226151:0.872686
MTX2	4	GSE111006_HSS,GSE111010_JSS,GSE111016_SSS,GSE226151	case_down	-0.15201347189044004	0.04035040692093317	-3.76733429698271	0.0001649999883062202	0.303148437505163	1	0	0	4	1.0	4	4	1.0	GSE111006_HSS:match(heldout=-0.17423,discovery_mean=-0.13109);GSE111010_JSS:match(heldout=-0.099526,discovery_mean=-0.15599);GSE111016_SSS:match(heldout=-0.18552,discovery_mean=-0.12733);GSE226151:match(heldout=-0.10823,discovery_mean=-0.15309)	0.8644762398881365	0.0	0.0	False	GSE111006_HSS:-0.174232;GSE111010_JSS:-0.0995262;GSE111016_SSS:-0.185517;GSE226151:-0.108226	GSE111006_HSS:0.051734;GSE111010_JSS:0.366614;GSE111016_SSS:0.00649132;GSE226151:0.192512	GSE111006_HSS:0.571706;GSE111010_JSS:0.999436;GSE111016_SSS:0.894611;GSE226151:0.6237
FRMD3	4	GSE111006_HSS,GSE111010_JSS,GSE111016_SSS,GSE226151	case_down	-0.226862629079388	0.06066591741598136	-3.7395400703134354	0.00018435725992742928	0.303148437505163	2	0	0	4	1.0	4	4	1.0	GSE111006_HSS:match(heldout=-0.28997,discovery_mean=-0.21241);GSE111010_JSS:match(heldout=-0.13412,discovery_mean=-0.26436);GSE111016_SSS:match(heldout=-0.15469,discovery_mean=-0.2575);GSE226151:match(heldout=-0.34841,discovery_mean=-0.19292)	1.8592894219742708	0.0	0.0	False	GSE111006_HSS:-0.289966;GSE111010_JSS:-0.134117;GSE111016_SSS:-0.154686;GSE226151:-0.348414	GSE111006_HSS:0.012637;GSE111010_JSS:0.458254;GSE111016_SSS:0.113314;GSE226151:0.02378	GSE111006_HSS:0.449046;GSE111010_JSS:0.999436;GSE111016_SSS:0.894611;GSE226151:0.508022
MRPL27	4	GSE111006_HSS,GSE111010_JSS,GSE111016_SSS,GSE226151	case_down	-0.13212545522957822	0.03547860662126958	-3.7240880579106066	0.00019602250207087716	0.303148437505163	2	0	0	4	1.0	4	4	1.0	GSE111006_HSS:match(heldout=-0.067049,discovery_mean=-0.20279);GSE111010_JSS:match(heldout=-0.092643,discovery_mean=-0.19426);GSE111016_SSS:match(heldout=-0.15069,discovery_mean=-0.17491);GSE226151:match(heldout=-0.36503,discovery_mean=-0.10346)	2.952348256442524	0.0	0.0	False	GSE111006_HSS:-0.0670493;GSE111010_JSS:-0.0926428;GSE111016_SSS:-0.150692;GSE226151:-0.365033	GSE111006_HSS:0.488998;GSE111010_JSS:0.173789;GSE111016_SSS:0.00392653;GSE226151:0.0337022	GSE111006_HSS:0.886935;GSE111010_JSS:0.999436;GSE111016_SSS:0.894611;GSE226151:0.535552
MRPL15	4	GSE111006_HSS,GSE111010_JSS,GSE111016_SSS,GSE226151	case_down	-0.16494567635251492	0.04435691762373663	-3.7186009576158616	0.00020032922601157175	0.303148437505163	2	0	0	4	1.0	4	4	1.0	GSE111006_HSS:match(heldout=-0.159,discovery_mean=-0.13114);GSE111010_JSS:match(heldout=-0.0066931,discovery_mean=-0.18191);GSE111016_SSS:match(heldout=-0.18095,discovery_mean=-0.12382);GSE226151:match(heldout=-0.20577,discovery_mean=-0.11555)	1.9473595728401607	0.0	0.0	False	GSE111006_HSS:-0.158996;GSE111010_JSS:-0.00669312;GSE111016_SSS:-0.180953;GSE226151:-0.205774	GSE111006_HSS:0.200652;GSE111010_JSS:0.957928;GSE111016_SSS:0.0153563;GSE226151:0.0091149	GSE111006_HSS:0.746217;GSE111010_JSS:0.999436;GSE111016_SSS:0.894611;GSE226151:0.466713
HRC	4	GSE111006_HSS,GSE111010_JSS,GSE111016_SSS,GSE226151	case_down	-0.14358727467863142	0.03868343117158036	-3.711854670847321	0.0002057461146263391	0.303148437505163	2	0	0	4	1.0	4	4	1.0	GSE111006_HSS:match(heldout=-0.11288,discovery_mean=-0.1711);GSE111010_JSS:match(heldout=-0.11185,discovery_mean=-0.17144);GSE111016_SSS:match(heldout=-0.11273,discovery_mean=-0.17115);GSE226151:match(heldout=-0.28872,discovery_mean=-0.11249)	2.994399585021159	0.0	0.0	False	GSE111006_HSS:-0.112881;GSE111010_JSS:-0.111853;GSE111016_SSS:-0.112731;GSE226151:-0.288719	GSE111006_HSS:0.188131;GSE111010_JSS:0.511703;GSE111016_SSS:0.0359686;GSE226151:0.00349645	GSE111006_HSS:0.73795;GSE111010_JSS:0.999436;GSE111016_SSS:0.894611;GSE226151:0.345188
SDHD	4	GSE111006_HSS,GSE111010_JSS,GSE111016_SSS,GSE226151	case_down	-0.16857348495659785	0.04590138532589941	-3.672514102999892	0.00024017589202898973	0.303148437505163	2	0	0	4	1.0	4	4	1.0	GSE111006_HSS:match(heldout=-0.13158,discovery_mean=-0.17225);GSE111010_JSS:match(heldout=-0.085287,discovery_mean=-0.18769);GSE111016_SSS:match(heldout=-0.19316,discovery_mean=-0.15173);GSE226151:match(heldout=-0.23832,discovery_mean=-0.13668)	1.4935211101729189	0.0	0.0	False	GSE111006_HSS:-0.131584;GSE111010_JSS:-0.0852873;GSE111016_SSS:-0.193158;GSE226151:-0.238317	GSE111006_HSS:0.221819;GSE111010_JSS:0.394905;GSE111016_SSS:0.0168245;GSE226151:0.0159538	GSE111006_HSS:0.761344;GSE111010_JSS:0.999436;GSE111016_SSS:0.894611;GSE226151:0.493013
PSMA6	4	GSE111006_HSS,GSE111010_JSS,GSE111016_SSS,GSE226151	case_up	0.1497986613181669	0.040889201483261924	3.6635262094684653	0.000248766748371474	0.303148437505163	3	0	4	0	1.0	4	4	1.0	GSE111006_HSS:match(heldout=0.16626,discovery_mean=0.20838);GSE111010_JSS:match(heldout=0.27903,discovery_mean=0.17079);GSE111016_SSS:match(heldout=0.098986,discovery_mean=0.23081);GSE226151:match(heldout=0.24713,discovery_mean=0.18143)	3.297717543246259	9.027987974773218	0.0007597986880994568	False	GSE111006_HSS:0.166259;GSE111010_JSS:0.279034;GSE111016_SSS:0.0989863;GSE226151:0.247131	GSE111006_HSS:0.121794;GSE111010_JSS:0.0297075;GSE111016_SSS:0.0337161;GSE226151:0.0241021	GSE111006_HSS:0.672487;GSE111010_JSS:0.999436;GSE111016_SSS:0.894611;GSE226151:0.510572
LARP7	4	GSE111006_HSS,GSE111010_JSS,GSE111016_SSS,GSE226151	case_down	-0.10641734683438908	0.02925740881145446	-3.637278595660393	0.00027553385933934047	0.303148437505163	1	0	0	4	1.0	4	4	1.0	GSE111006_HSS:match(heldout=-0.15805,discovery_mean=-0.10426);GSE111010_JSS:match(heldout=-0.1071,discovery_mean=-0.12124);GSE111016_SSS:match(heldout=-0.092694,discovery_mean=-0.12605);GSE226151:match(heldout=-0.11299,discovery_mean=-0.11928)	0.47335163089347965	0.0	0.0	False	GSE111006_HSS:-0.158048;GSE111010_JSS:-0.107098;GSE111016_SSS:-0.0926939;GSE226151:-0.112991	GSE111006_HSS:0.0817801;GSE111010_JSS:0.166165;GSE111016_SSS:0.0272675;GSE226151:0.0866487	GSE111006_HSS:0.619847;GSE111010_JSS:0.999436;GSE111016_SSS:0.894611;GSE226151:0.578891
CPTP	4	GSE111006_HSS,GSE111010_JSS,GSE111016_SSS,GSE226151	case_down	-0.29773810877029283	0.08192541224485164	-3.6342582919258155	0.0002787814710984766	0.303148437505163	2	0	0	4	1.0	4	4	1.0	GSE111006_HSS:match(heldout=-0.31324,discovery_mean=-0.26704);GSE111010_JSS:match(heldout=-0.073656,discovery_mean=-0.3469);GSE111016_SSS:match(heldout=-0.28111,discovery_mean=-0.27775);GSE226151:match(heldout=-0.44635,discovery_mean=-0.22267)	1.8602645268476476	0.0	0.0	False	GSE111006_HSS:-0.31324;GSE111010_JSS:-0.0736558;GSE111016_SSS:-0.281109;GSE226151:-0.446355	GSE111006_HSS:0.0860714;GSE111010_JSS:0.738768;GSE111016_SSS:0.0351261;GSE226151:0.0119386	GSE111006_HSS:0.627935;GSE111010_JSS:0.999436;GSE111016_SSS:0.894611;GSE226151:0.478265
TIMM23	4	GSE111006_HSS,GSE111010_JSS,GSE111016_SSS,GSE226151	case_down	-0.1224101758962889	0.03369285082555029	-3.6331201693227344	0.00028001452746501186	0.303148437505163	1	0	0	4	1.0	4	4	1.0	GSE111006_HSS:match(heldout=-0.10515,discovery_mean=-0.10965);GSE111010_JSS:match(heldout=-0.017163,discovery_mean=-0.13898);GSE111016_SSS:match(heldout=-0.16171,discovery_mean=-0.090797);GSE226151:match(heldout=-0.15008,discovery_mean=-0.094674)	2.856468641629967	0.0	0.0	False	GSE111006_HSS:-0.105149;GSE111010_JSS:-0.0171631;GSE111016_SSS:-0.161711;GSE226151:-0.150079	GSE111006_HSS:0.268594;GSE111010_JSS:0.818607;GSE111016_SSS:0.00159863;GSE226151:0.0855714	GSE111006_HSS:0.790202;GSE111010_JSS:0.999436;GSE111016_SSS:0.894611;GSE226151:0.578669
MTCH2	4	GSE111006_HSS,GSE111010_JSS,GSE111016_SSS,GSE226151	case_down	-0.14694592375283344	0.040501662875644634	-3.6281454468675225	0.00028546443572182047	0.303148437505163	2	0	0	4	1.0	4	4	1.0	GSE111006_HSS:match(heldout=-0.20136,discovery_mean=-0.11807);GSE111010_JSS:match(heldout=-0.048532,discovery_mean=-0.16901);GSE111016_SSS:match(heldout=-0.13872,discovery_mean=-0.13895);GSE226151:match(heldout=-0.16695,discovery_mean=-0.12954)	1.0098581177752566	0.0	0.0	False	GSE111006_HSS:-0.201361;GSE111010_JSS:-0.0485317;GSE111016_SSS:-0.138722;GSE226151:-0.166949	GSE111006_HSS:0.030394;GSE111010_JSS:0.712371;GSE111016_SSS:0.0149361;GSE226151:0.135311	GSE111006_HSS:0.512525;GSE111010_JSS:0.999436;GSE111016_SSS:0.894611;GSE226151:0.596524
GSTZ1	4	GSE111006_HSS,GSE111010_JSS,GSE111016_SSS,GSE226151	case_down	-0.1619894304752207	0.044747793478109386	-3.620054038071529	0.0002945414962689729	0.303148437505163	1	0	0	4	1.0	4	4	1.0	GSE111006_HSS:match(heldout=-0.136,discovery_mean=-0.1691);GSE111010_JSS:match(heldout=-0.12735,discovery_mean=-0.17199);GSE111016_SSS:match(heldout=-0.18102,discovery_mean=-0.1541);GSE226151:match(heldout=-0.19894,discovery_mean=-0.14812)	0.32817479965894275	0.0	0.0	False	GSE111006_HSS:-0.136001;GSE111010_JSS:-0.127346;GSE111016_SSS:-0.181023;GSE226151:-0.19894	GSE111006_HSS:0.192897;GSE111010_JSS:0.204769;GSE111016_SSS:0.00521231;GSE226151:0.296877	GSE111006_HSS:0.740265;GSE111010_JSS:0.999436;GSE111016_SSS:0.894611;GSE226151:0.677208
CCNL2	4	GSE111006_HSS,GSE111010_JSS,GSE111016_SSS,GSE226151	case_up	0.11223565492495029	0.03103134657822655	3.6168477137148	0.000298212631555944	0.303148437505163	2	0	4	0	1.0	4	4	1.0	GSE111006_HSS:match(heldout=0.11379,discovery_mean=0.099459);GSE111010_JSS:match(heldout=0.065707,discovery_mean=0.11549);GSE111016_SSS:match(heldout=0.11426,discovery_mean=0.099301);GSE226151:match(heldout=0.11841,discovery_mean=0.097919)	0.12593232769603013	0.0	0.0	False	GSE111006_HSS:0.113788;GSE111010_JSS:0.0657066;GSE111016_SSS:0.114262;GSE226151:0.118407	GSE111006_HSS:0.0495244;GSE111010_JSS:0.634417;GSE111016_SSS:0.0150668;GSE226151:0.140368	GSE111006_HSS:0.571706;GSE111010_JSS:0.999436;GSE111016_SSS:0.894611;GSE226151:0.600871
MRPL51	4	GSE111006_HSS,GSE111010_JSS,GSE111016_SSS,GSE226151	case_down	-0.12186084528844313	0.033781391865893975	-3.6073364227326294	0.0003093564439166003	0.303148437505163	2	0	0	4	1.0	4	4	1.0	GSE111006_HSS:match(heldout=-0.084267,discovery_mean=-0.15966);GSE111010_JSS:match(heldout=-0.041709,discovery_mean=-0.17385);GSE111016_SSS:match(heldout=-0.13595,discovery_mean=-0.14244);GSE226151:match(heldout=-0.30134,discovery_mean=-0.087307)	2.7537736330665017	0.0	0.0	False	GSE111006_HSS:-0.0842667;GSE111010_JSS:-0.0417088;GSE111016_SSS:-0.135946;GSE226151:-0.301338	GSE111006_HSS:0.27436;GSE111010_JSS:0.648745;GSE111016_SSS:0.0034483;GSE226151:0.0399232	GSE111006_HSS:0.793136;GSE111010_JSS:0.999436;GSE111016_SSS:0.894611;GSE226151:0.550609
MACROD1	4	GSE111006_HSS,GSE111010_JSS,GSE111016_SSS,GSE226151	case_down	-0.11926214988230717	0.0331086937308343	-3.6021399953703916	0.0003156083099651679	0.303148437505163	1	0	0	4	1.0	4	4	1.0	GSE111006_HSS:match(heldout=-0.19831,discovery_mean=-0.11776);GSE111010_JSS:match(heldout=-0.098495,discovery_mean=-0.15103);GSE111016_SSS:match(heldout=-0.11131,discovery_mean=-0.14676);GSE226151:match(heldout=-0.14348,discovery_mean=-0.13604)	0.5664923102830545	0.0	0.0	False	GSE111006_HSS:-0.198306;GSE111010_JSS:-0.0984946;GSE111016_SSS:-0.111305;GSE226151:-0.14348	GSE111006_HSS:0.0936514;GSE111010_JSS:0.513627;GSE111016_SSS:0.00416408;GSE226151:0.387608	GSE111006_HSS:0.636018;GSE111010_JSS:0.999436;GSE111016_SSS:0.894611;GSE226151:0.725923
IMMT	4	GSE111006_HSS,GSE111010_JSS,GSE111016_SSS,GSE226151	case_down	-0.1688656502280766	0.04692430936254408	-3.598681632656452	0.0003198344377063432	0.303148437505163	2	0	0	4	1.0	4	4	1.0	GSE111006_HSS:match(heldout=-0.1463,discovery_mean=-0.15697);GSE111010_JSS:match(heldout=-0.043031,discovery_mean=-0.19139);GSE111016_SSS:match(heldout=-0.1808,discovery_mean=-0.14547);GSE226151:match(heldout=-0.24707,discovery_mean=-0.12338)	2.4140897111464446	0.0	0.0	False	GSE111006_HSS:-0.146303;GSE111010_JSS:-0.0430313;GSE111016_SSS:-0.180801;GSE226151:-0.247073	GSE111006_HSS:0.264136;GSE111010_JSS:0.681827;GSE111016_SSS:0.0298896;GSE226151:0.00533871	GSE111006_HSS:0.788867;GSE111010_JSS:0.999436;GSE111016_SSS:0.894611;GSE226151:0.387378
TMEM231	4	GSE111006_HSS,GSE111010_JSS,GSE111016_SSS,GSE226151	case_up	0.14342163350975018	0.04002459082036934	3.583337907273744	0.0003392313064328512	0.303148437505163	1	0	4	0	1.0	4	4	1.0	GSE111006_HSS:match(heldout=0.18532,discovery_mean=0.16414);GSE111010_JSS:match(heldout=0.24748,discovery_mean=0.14342);GSE111016_SSS:match(heldout=0.13968,discovery_mean=0.17936);GSE226151:match(heldout=0.10527,discovery_mean=0.19083)	0.4543440740428044	0.0	0.0	False	GSE111006_HSS:0.185321;GSE111010_JSS:0.247478;GSE111016_SSS:0.139677;GSE226151:0.105267	GSE111006_HSS:0.258756;GSE111010_JSS:0.219423;GSE111016_SSS:0.0036513;GSE226151:0.399718	GSE111006_HSS:0.785691;GSE111010_JSS:0.999436;GSE111016_SSS:0.894611;GSE226151:0.731607
VDAC1	4	GSE111006_HSS,GSE111010_JSS,GSE111016_SSS,GSE226151	case_down	-0.15320141851217878	0.04287543639218979	-3.5731745587570516	0.0003526794874987207	0.303148437505163	2	0	0	4	1.0	4	4	1.0	GSE111006_HSS:match(heldout=-0.23731,discovery_mean=-0.12538);GSE111010_JSS:match(heldout=-0.062303,discovery_mean=-0.18371);GSE111016_SSS:match(heldout=-0.13305,discovery_mean=-0.16013);GSE226151:match(heldout=-0.18078,discovery_mean=-0.14422)	1.1004470350412159	0.0	0.0	False	GSE111006_HSS:-0.237312;GSE111010_JSS:-0.0623027;GSE111016_SSS:-0.133048;GSE226151:-0.18078	GSE111006_HSS:0.037944;GSE111010_JSS:0.711872;GSE111016_SSS:0.0218006;GSE226151:0.0792609	GSE111006_HSS:0.537306;GSE111010_JSS:0.999436;GSE111016_SSS:0.894611;GSE226151:0.570718
MRPL20	4	GSE111006_HSS,GSE111010_JSS,GSE111016_SSS,GSE226151	case_down	-0.09747049382139482	0.0273262534978596	-3.5669175735718563	0.00036120503375066483	0.303148437505163	1	0	0	4	1.0	4	4	1.0	GSE111006_HSS:match(heldout=-0.053555,discovery_mean=-0.13319);GSE111010_JSS:match(heldout=-0.066627,discovery_mean=-0.12884);GSE111016_SSS:match(heldout=-0.10495,discovery_mean=-0.11606);GSE226151:match(heldout=-0.228,discovery_mean=-0.075045)	1.3969036712893699	0.0	0.0	False	GSE111006_HSS:-0.053555;GSE111010_JSS:-0.0666268;GSE111016_SSS:-0.104953;GSE226151:-0.228001	GSE111006_HSS:0.428872;GSE111010_JSS:0.488988;GSE111016_SSS:0.00249866;GSE226151:0.126041	GSE111006_HSS:0.86239;GSE111010_JSS:0.999436;GSE111016_SSS:0.894611;GSE226151:0.591664
MRPL34	4	GSE111006_HSS,GSE111010_JSS,GSE111016_SSS,GSE226151	case_down	-0.28166562247679444	0.07897469703298955	-3.5665299527408916	0.00036173948067208116	0.303148437505163	2	0	0	4	1.0	4	4	1.0	GSE111006_HSS:match(heldout=-0.18795,discovery_mean=-0.26466);GSE111010_JSS:match(heldout=-0.031722,discovery_mean=-0.31673);GSE111016_SSS:match(heldout=-0.29946,discovery_mean=-0.22749);GSE226151:match(heldout=-0.46279,discovery_mean=-0.17304)	4.581569344099485	34.52025333058328	0.008678179560036437	False	GSE111006_HSS:-0.187947;GSE111010_JSS:-0.031722;GSE111016_SSS:-0.299461;GSE226151:-0.462791	GSE111006_HSS:0.296119;GSE111010_JSS:0.855941;GSE111016_SSS:0.00054698;GSE226151:0.000563887	GSE111006_HSS:0.805341;GSE111010_JSS:0.999436;GSE111016_SSS:0.894611;GSE226151:0.204951
PKD1P6	3	GSE111006_HSS,GSE111010_JSS,GSE111016_SSS	case_up	0.1973738017775478	0.055785860820181825	3.538061416919881	0.0004030762908260358	0.3260106479259138	1	0	3	0	1.0	3	3	1.0	GSE111006_HSS:match(heldout=0.22496,discovery_mean=0.17051);GSE111010_JSS:match(heldout=0.16287,discovery_mean=0.20155);GSE111016_SSS:match(heldout=0.17814,discovery_mean=0.19392)	0.21528580302374495	0.0	0.0	False	GSE111006_HSS:0.224965;GSE111010_JSS:0.162875;GSE111016_SSS:0.178141	GSE111006_HSS:0.0106267;GSE111010_JSS:0.276232;GSE111016_SSS:0.052293	GSE111006_HSS:0.428473;GSE111010_JSS:0.999436;GSE111016_SSS:0.894611
GTF2A2	4	GSE111006_HSS,GSE111010_JSS,GSE111016_SSS,GSE226151	case_down	-0.10203232910461381	0.029107542862703766	-3.505356999245389	0.00045599538898978656	0.33944052633682265	2	0	0	4	1.0	4	4	1.0	GSE111006_HSS:match(heldout=-0.14589,discovery_mean=-0.10315);GSE111010_JSS:match(heldout=-0.040034,discovery_mean=-0.13844);GSE111016_SSS:match(heldout=-0.099632,discovery_mean=-0.11857);GSE226151:match(heldout=-0.16979,discovery_mean=-0.095186)	2.5499197710195847	0.0	0.0	False	GSE111006_HSS:-0.145893;GSE111010_JSS:-0.0400336;GSE111016_SSS:-0.0996323;GSE226151:-0.169792	GSE111006_HSS:0.0712218;GSE111010_JSS:0.47652;GSE111016_SSS:0.0361418;GSE226151:0.0186081	GSE111006_HSS:0.601021;GSE111010_JSS:0.999436;GSE111016_SSS:0.894611;GSE226151:0.495387
CCPG1	4	GSE111006_HSS,GSE111010_JSS,GSE111016_SSS,GSE226151	case_up	0.140697879270479	0.04013865319954736	3.5052964674974603	0.00045609908609094846	0.33944052633682265	2	0	4	0	1.0	4	4	1.0	GSE111006_HSS:match(heldout=0.23595,discovery_mean=0.087161);GSE111010_JSS:match(heldout=0.032801,discovery_mean=0.15488);GSE111016_SSS:match(heldout=0.12147,discovery_mean=0.12532);GSE226151:match(heldout=0.10721,discovery_mean=0.13007)	1.6645768311844225	0.0	0.0	False	GSE111006_HSS:0.235953;GSE111010_JSS:0.0328007;GSE111016_SSS:0.121468;GSE226151:0.107213	GSE111006_HSS:0.0121241;GSE111010_JSS:0.870029;GSE111016_SSS:0.0162708;GSE226151:0.518961	GSE111006_HSS:0.444436;GSE111010_JSS:0.999436;GSE111016_SSS:0.894611;GSE226151:0.794117
TPRKB	4	GSE111006_HSS,GSE111010_JSS,GSE111016_SSS,GSE226151	case_down	-0.13807432897436545	0.03950637934294068	-3.494988183447332	0.00047408274377569557	0.33944052633682265	1	0	0	4	1.0	4	4	1.0	GSE111006_HSS:match(heldout=-0.039569,discovery_mean=-0.16803);GSE111010_JSS:match(heldout=-0.15435,discovery_mean=-0.12977);GSE111016_SSS:match(heldout=-0.1066,discovery_mean=-0.14568);GSE226151:match(heldout=-0.24313,discovery_mean=-0.10017)	2.8661982351284996	0.0	0.0	False	GSE111006_HSS:-0.0395688;GSE111010_JSS:-0.154351;GSE111016_SSS:-0.106598;GSE226151:-0.24313	GSE111006_HSS:0.723144;GSE111010_JSS:0.166062;GSE111016_SSS:0.0664467;GSE226151:0.00426213	GSE111006_HSS:0.952635;GSE111010_JSS:0.999436;GSE111016_SSS:0.894611;GSE226151:0.365541
APOO	4	GSE111006_HSS,GSE111010_JSS,GSE111016_SSS,GSE226151	case_down	-0.23633241190024745	0.06775168503325399	-3.4882145260926043	0.00048625776584587844	0.33944052633682265	2	0	0	4	1.0	4	4	1.0	GSE111006_HSS:match(heldout=-0.21433,discovery_mean=-0.24027);GSE111010_JSS:match(heldout=-0.064445,discovery_mean=-0.29024);GSE111016_SSS:match(heldout=-0.24114,discovery_mean=-0.23134);GSE226151:match(heldout=-0.41523,discovery_mean=-0.17331)	4.693857417107084	36.08668237202317	0.006631831921210704	False	GSE111006_HSS:-0.214333;GSE111010_JSS:-0.0644452;GSE111016_SSS:-0.241145;GSE226151:-0.415231	GSE111006_HSS:0.12435;GSE111010_JSS:0.583634;GSE111016_SSS:0.0045146;GSE226151:0.000854718	GSE111006_HSS:0.677115;GSE111010_JSS:0.999436;GSE111016_SSS:0.894611;GSE226151:0.229473
TIMMDC1	4	GSE111006_HSS,GSE111010_JSS,GSE111016_SSS,GSE226151	case_down	-0.13580432613656437	0.03897827840281609	-3.4841027285277133	0.0004937899201158647	0.33944052633682265	1	0	0	4	1.0	4	4	1.0	GSE111006_HSS:match(heldout=-0.027878,discovery_mean=-0.14118);GSE111010_JSS:match(heldout=-0.076143,discovery_mean=-0.12509);GSE111016_SSS:match(heldout=-0.1776,discovery_mean=-0.091274);GSE226151:match(heldout=-0.1698,discovery_mean=-0.093874)	2.457631123454199	0.0	0.0	False	GSE111006_HSS:-0.0278778;GSE111010_JSS:-0.076143;GSE111016_SSS:-0.177601;GSE226151:-0.169801	GSE111006_HSS:0.756685;GSE111010_JSS:0.515604;GSE111016_SSS:0.00266031;GSE226151:0.0629031	GSE111006_HSS:0.956726;GSE111010_JSS:0.999436;GSE111016_SSS:0.894611;GSE226151:0.561229
PTGES2	4	GSE111006_HSS,GSE111010_JSS,GSE111016_SSS,GSE226151	case_down	-0.16228629672943365	0.04678328235545241	-3.4688950530748683	0.0005226035561287953	0.33944052633682265	1	0	0	4	1.0	4	4	1.0	GSE111006_HSS:match(heldout=-0.087467,discovery_mean=-0.16649);GSE111010_JSS:match(heldout=-0.034825,discovery_mean=-0.18403);GSE111016_SSS:match(heldout=-0.20408,discovery_mean=-0.12761);GSE226151:match(heldout=-0.26055,discovery_mean=-0.10879)	2.039031603461771	0.0	0.0	False	GSE111006_HSS:-0.0874671;GSE111010_JSS:-0.034825;GSE111016_SSS:-0.204085;GSE226151:-0.260551	GSE111006_HSS:0.308614;GSE111010_JSS:0.854831;GSE111016_SSS:0.00254884;GSE226151:0.123667	GSE111006_HSS:0.81083;GSE111010_JSS:0.999436;GSE111016_SSS:0.894611;GSE226151:0.589764
EMC6	4	GSE111006_HSS,GSE111010_JSS,GSE111016_SSS,GSE226151	case_down	-0.11214810811521506	0.03239622955314232	-3.461764213370845	0.0005366470822391393	0.33944052633682265	1	0	0	4	1.0	4	4	1.0	GSE111006_HSS:match(heldout=-0.090783,discovery_mean=-0.096307);GSE111010_JSS:match(heldout=-0.070594,discovery_mean=-0.10304);GSE111016_SSS:match(heldout=-0.14414,discovery_mean=-0.07852);GSE226151:match(heldout=-0.074185,discovery_mean=-0.10184)	1.0804537263518015	0.0	0.0	False	GSE111006_HSS:-0.0907828;GSE111010_JSS:-0.0705935;GSE111016_SSS:-0.144143;GSE226151:-0.0741849	GSE111006_HSS:0.359117;GSE111010_JSS:0.583916;GSE111016_SSS:0.00276004;GSE226151:0.21457	GSE111006_HSS:0.837389;GSE111010_JSS:0.999436;GSE111016_SSS:0.894611;GSE226151:0.638912
LTO1	4	GSE111006_HSS,GSE111010_JSS,GSE111016_SSS,GSE226151	case_up	0.1096500447409973	0.031748510544955	3.45370673643842	0.0005529383090073035	0.33944052633682265	1	0	4	0	1.0	4	4	1.0	GSE111006_HSS:match(heldout=0.090137,discovery_mean=0.10317);GSE111010_JSS:match(heldout=0.14417,discovery_mean=0.085156);GSE111016_SSS:match(heldout=0.13272,discovery_mean=0.088971);GSE226151:match(heldout=0.032608,discovery_mean=0.12234)	1.3498441055933368	0.0	0.0	False	GSE111006_HSS:0.0901374;GSE111010_JSS:0.144166;GSE111016_SSS:0.132721;GSE226151:0.0326082	GSE111006_HSS:0.202536;GSE111010_JSS:0.218715;GSE111016_SSS:0.00338913;GSE226151:0.693449	GSE111006_HSS:0.746217;GSE111010_JSS:0.999436;GSE111016_SSS:0.894611;GSE226151:0.877335
ZNF436	4	GSE111006_HSS,GSE111010_JSS,GSE111016_SSS,GSE226151	case_up	0.19855160889141252	0.057590688180164884	3.4476338999504565	0.0005655200125173794	0.33944052633682265	1	0	4	0	1.0	4	4	1.0	GSE111006_HSS:match(heldout=0.24702,discovery_mean=0.13845);GSE111010_JSS:match(heldout=0.11706,discovery_mean=0.18177);GSE111016_SSS:match(heldout=0.23952,discovery_mean=0.14095);GSE226151:match(heldout=0.058759,discovery_mean=0.2012)	1.2459295325039026	0.0	0.0	False	GSE111006_HSS:0.247025;GSE111010_JSS:0.117064;GSE111016_SSS:0.239515;GSE226151:0.0587589	GSE111006_HSS:0.066079;GSE111010_JSS:0.310067;GSE111016_SSS:0.00644306;GSE226151:0.808916	GSE111006_HSS:0.594363;GSE111010_JSS:0.999436;GSE111016_SSS:0.894611;GSE226151:0.927849
ZNF585A	4	GSE111006_HSS,GSE111010_JSS,GSE111016_SSS,GSE226151	case_up	0.12760709653812588	0.03701771734884199	3.44718976957983	0.0005664505459297634	0.33944052633682265	2	0	4	0	1.0	4	4	1.0	GSE111006_HSS:match(heldout=0.021595,discovery_mean=0.19642);GSE111010_JSS:match(heldout=0.27061,discovery_mean=0.11341);GSE111016_SSS:match(heldout=0.11363,discovery_mean=0.16574);GSE226151:match(heldout=0.20501,discovery_mean=0.13528)	2.8975991217309507	0.0	0.0	False	GSE111006_HSS:0.0215945;GSE111010_JSS:0.270609;GSE111016_SSS:0.11363;GSE226151:0.205014	GSE111006_HSS:0.838006;GSE111010_JSS:0.0582298;GSE111016_SSS:0.0180165;GSE226151:0.0392963	GSE111006_HSS:0.97278;GSE111010_JSS:0.999436;GSE111016_SSS:0.894611;GSE226151:0.548808
GTF3C6	4	GSE111006_HSS,GSE111010_JSS,GSE111016_SSS,GSE226151	case_down	-0.1269731995843664	0.036906009439532955	-3.440447816293986	0.0005807524151376843	0.33944052633682265	1	0	0	4	1.0	4	4	1.0	GSE111006_HSS:match(heldout=-0.11086,discovery_mean=-0.16691);GSE111010_JSS:match(heldout=-0.14587,discovery_mean=-0.15524);GSE111016_SSS:match(heldout=-0.11532,discovery_mean=-0.16542);GSE226151:match(heldout=-0.23954,discovery_mean=-0.12402)	0.9182065078389019	0.0	0.0	False	GSE111006_HSS:-0.110864;GSE111010_JSS:-0.14587;GSE111016_SSS:-0.115325;GSE226151:-0.239538	GSE111006_HSS:0.217093;GSE111010_JSS:0.358436;GSE111016_SSS:0.0140428;GSE226151:0.0647052	GSE111006_HSS:0.759678;GSE111010_JSS:0.999436;GSE111016_SSS:0.894611;GSE226151:0.561229
MKKS	4	GSE111006_HSS,GSE111010_JSS,GSE111016_SSS,GSE226151	case_down	-0.15612376223413715	0.045590125269397826	-3.424508296732726	0.0006159130380663217	0.33944052633682265	1	0	0	4	1.0	4	4	1.0	GSE111006_HSS:match(heldout=-0.10918,discovery_mean=-0.17155);GSE111010_JSS:match(heldout=-0.13124,discovery_mean=-0.1642);GSE111016_SSS:match(heldout=-0.13103,discovery_mean=-0.16427);GSE226151:match(heldout=-0.25238,discovery_mean=-0.12382)	1.4459122521336418	0.0	0.0	False	GSE111006_HSS:-0.10918;GSE111010_JSS:-0.131243;GSE111016_SSS:-0.131029;GSE226151:-0.252377	GSE111006_HSS:0.306216;GSE111010_JSS:0.431454;GSE111016_SSS:0.0510377;GSE226151:0.0100864	GSE111006_HSS:0.809912;GSE111010_JSS:0.999436;GSE111016_SSS:0.894611;GSE226151:0.471396
COX15	4	GSE111006_HSS,GSE111010_JSS,GSE111016_SSS,GSE226151	case_down	-0.1285756912408366	0.037560671647752814	-3.4231467543134055	0.0006190064834519055	0.33944052633682265	1	0	0	4	1.0	4	4	1.0	GSE111006_HSS:match(heldout=-0.098749,discovery_mean=-0.15145);GSE111010_JSS:match(heldout=-0.21776,discovery_mean=-0.11178);GSE111016_SSS:match(heldout=-0.1105,discovery_mean=-0.14753);GSE226151:match(heldout=-0.12609,discovery_mean=-0.14233)	1.2409193415573425	0.0	0.0	False	GSE111006_HSS:-0.0987489;GSE111010_JSS:-0.217757;GSE111016_SSS:-0.110499;GSE226151:-0.126093	GSE111006_HSS:0.189765;GSE111010_JSS:0.025215;GSE111016_SSS:0.0685038;GSE226151:0.190154	GSE111006_HSS:0.739176;GSE111010_JSS:0.999436;GSE111016_SSS:0.894611;GSE226151:0.6237
BCAP31P1	2	GSE111006_HSS,GSE111016_SSS	case_down	-0.2572300409218187	0.07524672505622629	-3.4184881897465944	0.0006297005053371685	0.33944052633682265	1	0	0	2	1.0	2	2	1.0	GSE111006_HSS:match(heldout=-0.11852,discovery_mean=-0.26471);GSE111016_SSS:match(heldout=-0.26471,discovery_mean=-0.11852)	0.18324010615046182	0.0	0.0	False	GSE111006_HSS:-0.118521;GSE111016_SSS:-0.26471	GSE111006_HSS:0.724206;GSE111016_SSS:0.00151144	GSE111006_HSS:0.952869;GSE111016_SSS:0.894611
COA6	4	GSE111006_HSS,GSE111010_JSS,GSE111016_SSS,GSE226151	case_down	-0.1466158723275851	0.04292403110876835	-3.4157060401914348	0.0006361688153661997	0.33944052633682265	2	0	0	4	1.0	4	4	1.0	GSE111006_HSS:match(heldout=-0.044406,discovery_mean=-0.20017);GSE111010_JSS:match(heldout=-0.11198,discovery_mean=-0.17765);GSE111016_SSS:match(heldout=-0.15215,discovery_mean=-0.16426);GSE226151:match(heldout=-0.33639,discovery_mean=-0.10284)	3.105908623350531	3.409907894723608	0.0003000152996864049	False	GSE111006_HSS:-0.0444059;GSE111010_JSS:-0.111977;GSE111016_SSS:-0.152145;GSE226151:-0.336391	GSE111006_HSS:0.679461;GSE111010_JSS:0.268068;GSE111016_SSS:0.00884064;GSE226151:0.0156536	GSE111006_HSS:0.941368;GSE111010_JSS:0.999436;GSE111016_SSS:0.894611;GSE226151:0.493013
FUNDC1	4	GSE111006_HSS,GSE111010_JSS,GSE111016_SSS,GSE226151	case_down	-0.1140622419886084	0.03340802596974084	-3.414216754139252	0.0006396566499659228	0.33944052633682265	2	0	0	4	1.0	4	4	1.0	GSE111006_HSS:match(heldout=-0.10086,discovery_mean=-0.13433);GSE111010_JSS:match(heldout=-0.089939,discovery_mean=-0.13797);GSE111016_SSS:match(heldout=-0.094094,discovery_mean=-0.13659);GSE226151:match(heldout=-0.21896,discovery_mean=-0.094964)	1.8564257818653356	0.0	0.0	False	GSE111006_HSS:-0.10086;GSE111010_JSS:-0.0899385;GSE111016_SSS:-0.0940939;GSE226151:-0.21896	GSE111006_HSS:0.305639;GSE111010_JSS:0.333506;GSE111016_SSS:0.037466;GSE226151:0.0132756	GSE111006_HSS:0.809912;GSE111010_JSS:0.999436;GSE111016_SSS:0.894611;GSE226151:0.481253
PIGL	4	GSE111006_HSS,GSE111010_JSS,GSE111016_SSS,GSE226151	case_up	0.14808501185077824	0.04340171245901664	3.4119624194693223	0.0006449700439548423	0.33944052633682265	1	0	4	0	1.0	4	4	1.0	GSE111006_HSS:match(heldout=0.22427,discovery_mean=0.1273);GSE111010_JSS:match(heldout=0.13089,discovery_mean=0.15843);GSE111016_SSS:match(heldout=0.15326,discovery_mean=0.15097);GSE226151:match(heldout=0.097751,discovery_mean=0.16947)	0.8002702096646845	0.0	0.0	False	GSE111006_HSS:0.224266;GSE111010_JSS:0.130885;GSE111016_SSS:0.153259;GSE226151:0.0977508	GSE111006_HSS:0.0578174;GSE111010_JSS:0.379698;GSE111016_SSS:0.0151135;GSE226151:0.272914	GSE111006_HSS:0.578737;GSE111010_JSS:0.999436;GSE111016_SSS:0.894611;GSE226151:0.667188
GOT2	4	GSE111006_HSS,GSE111010_JSS,GSE111016_SSS,GSE226151	case_down	-0.20626840486874173	0.06052737100718032	-3.4078533634687727	0.0006547607033410427	0.33944052633682265	1	0	0	4	1.0	4	4	1.0	GSE111006_HSS:match(heldout=-0.083755,discovery_mean=-0.22728);GSE111010_JSS:match(heldout=-0.21443,discovery_mean=-0.18373);GSE111016_SSS:match(heldout=-0.26284,discovery_mean=-0.16759);GSE226151:match(heldout=-0.20459,discovery_mean=-0.18701)	1.2843006995148194	0.0	0.0	False	GSE111006_HSS:-0.0837547;GSE111010_JSS:-0.214425;GSE111016_SSS:-0.262835;GSE226151:-0.204588	GSE111006_HSS:0.525504;GSE111010_JSS:0.233847;GSE111016_SSS:0.00574142;GSE226151:0.131728	GSE111006_HSS:0.899426;GSE111010_JSS:0.999436;GSE111016_SSS:0.894611;GSE226151:0.594472
GTF3A	4	GSE111006_HSS,GSE111010_JSS,GSE111016_SSS,GSE226151	case_down	-0.124695676477204	0.036619939789215135	-3.405130570802519	0.0006613242526512064	0.33944052633682265	2	0	0	4	1.0	4	4	1.0	GSE111006_HSS:match(heldout=-0.24733,discovery_mean=-0.090282);GSE111010_JSS:match(heldout=-0.016331,discovery_mean=-0.16728);GSE111016_SSS:match(heldout=-0.11286,discovery_mean=-0.1351);GSE226151:match(heldout=-0.14165,discovery_mean=-0.12551)	2.1374593261557355	0.0	0.0	False	GSE111006_HSS:-0.247326;GSE111010_JSS:-0.0163313;GSE111016_SSS:-0.112864;GSE226151:-0.141651	GSE111006_HSS:0.0254807;GSE111010_JSS:0.902433;GSE111016_SSS:0.0141562;GSE226151:0.222887	GSE111006_HSS:0.50055;GSE111010_JSS:0.999436;GSE111016_SSS:0.894611;GSE226151:0.642213
SERBP1P5	3	GSE111006_HSS,GSE111010_JSS,GSE111016_SSS	case_down	-0.13268617602376326	0.03901208745373852	-3.4011555054854665	0.0006710164465013756	0.3397610166751357	1	0	0	3	1.0	3	3	1.0	GSE111006_HSS:match(heldout=-0.18816,discovery_mean=-0.1476);GSE111010_JSS:match(heldout=-0.2019,discovery_mean=-0.14073);GSE111016_SSS:match(heldout=-0.093305,discovery_mean=-0.19503)	1.5930662251682404	0.0	0.0	False	GSE111006_HSS:-0.188163;GSE111010_JSS:-0.201901;GSE111016_SSS:-0.0933046	GSE111006_HSS:0.0276459;GSE111010_JSS:0.0511229;GSE111016_SSS:0.070116	GSE111006_HSS:0.509161;GSE111010_JSS:0.999436;GSE111016_SSS:0.894611
SGSH	4	GSE111006_HSS,GSE111010_JSS,GSE111016_SSS,GSE226151	case_up	0.16645660084926148	0.04903467972251043	3.394670910287316	0.0006871113829103337	0.34045381281725334	2	0	4	0	1.0	4	4	1.0	GSE111006_HSS:match(heldout=0.26856,discovery_mean=0.14939);GSE111010_JSS:match(heldout=0.16942,discovery_mean=0.18244);GSE111016_SSS:match(heldout=0.05516,discovery_mean=0.22052);GSE226151:match(heldout=0.22359,discovery_mean=0.16438)	3.0731543461045123	2.380431890680719	0.00023206362090999992	False	GSE111006_HSS:0.268563;GSE111010_JSS:0.169417;GSE111016_SSS:0.0551596;GSE226151:0.223588	GSE111006_HSS:0.0157312;GSE111010_JSS:0.134613;GSE111016_SSS:0.513878;GSE226151:0.025995	GSE111006_HSS:0.459986;GSE111010_JSS:0.999436;GSE111016_SSS:0.924044;GSE226151:0.514652
PFDN1	4	GSE111006_HSS,GSE111010_JSS,GSE111016_SSS,GSE226151	case_down	-0.16840760868702656	0.04980713327070675	-3.3811945725065997	0.0007217141784275819	0.3413233180126199	1	0	0	4	1.0	4	4	1.0	GSE111006_HSS:match(heldout=-0.22011,discovery_mean=-0.15785);GSE111010_JSS:match(heldout=-0.14287,discovery_mean=-0.1836);GSE111016_SSS:match(heldout=-0.17129,discovery_mean=-0.17412);GSE226151:match(heldout=-0.15939,discovery_mean=-0.17809)	0.17491535484613685	0.0	0.0	False	GSE111006_HSS:-0.220108;GSE111010_JSS:-0.142866;GSE111016_SSS:-0.171295;GSE226151:-0.159393	GSE111006_HSS:0.156499;GSE111010_JSS:0.231994;GSE111016_SSS:0.0250565;GSE226151:0.121298	GSE111006_HSS:0.709862;GSE111010_JSS:0.999436;GSE111016_SSS:0.894611;GSE226151:0.589544
PAQR4	4	GSE111006_HSS,GSE111010_JSS,GSE111016_SSS,GSE226151	case_down	-0.29853213044236826	0.08840952881360614	-3.376696318241484	0.0007336199814248189	0.3413233180126199	2	0	0	4	1.0	4	4	1.0	GSE111006_HSS:match(heldout=-0.16643,discovery_mean=-0.25429);GSE111010_JSS:match(heldout=-0.065598,discovery_mean=-0.2879);GSE111016_SSS:match(heldout=-0.27659,discovery_mean=-0.21757);GSE226151:match(heldout=-0.42068,discovery_mean=-0.16954)	1.4064816082068967	0.0	0.0	False	GSE111006_HSS:-0.16643;GSE111010_JSS:-0.0655979;GSE111016_SSS:-0.27659;GSE226151:-0.420685	GSE111006_HSS:0.63682;GSE111010_JSS:0.829042;GSE111016_SSS:0.0300528;GSE226151:0.00978761	GSE111006_HSS:0.933475;GSE111010_JSS:0.999436;GSE111016_SSS:0.894611;GSE226151:0.470665
MED11	4	GSE111006_HSS,GSE111010_JSS,GSE111016_SSS,GSE226151	case_down	-0.11898317940092328	0.035253151400427826	-3.375107605258783	0.0007378683380667274	0.3413233180126199	1	0	0	4	1.0	4	4	1.0	GSE111006_HSS:match(heldout=-0.16951,discovery_mean=-0.12216);GSE111010_JSS:match(heldout=-0.12981,discovery_mean=-0.13539);GSE111016_SSS:match(heldout=-0.10424,discovery_mean=-0.14391);GSE226151:match(heldout=-0.13242,discovery_mean=-0.13452)	0.41322383527004225	0.0	0.0	False	GSE111006_HSS:-0.169513;GSE111010_JSS:-0.129812;GSE111016_SSS:-0.104238;GSE226151:-0.132417	GSE111006_HSS:0.0878058;GSE111010_JSS:0.143085;GSE111016_SSS:0.0235029;GSE226151:0.383972	GSE111006_HSS:0.630896;GSE111010_JSS:0.999436;GSE111016_SSS:0.894611;GSE226151:0.723968
OR7E29P	3	GSE111006_HSS,GSE111010_JSS,GSE111016_SSS	case_down	-0.5574461881211484	0.16538422348250914	-3.370612845548133	0.0007500118110236887	0.3427096652103243	1	0	0	3	1.0	3	3	1.0	GSE111006_HSS:match(heldout=-0.033785,discovery_mean=-0.76963);GSE111010_JSS:match(heldout=-0.98861,discovery_mean=-0.29222);GSE111016_SSS:match(heldout=-0.55065,discovery_mean=-0.5112)	0.745810513859953	0.0	0.0	False	GSE111006_HSS:-0.0337851;GSE111010_JSS:-0.988613;GSE111016_SSS:-0.550654	GSE111006_HSS:0.969604;GSE111010_JSS:0.167943;GSE111016_SSS:0.00304487	GSE111006_HSS:0.995925;GSE111010_JSS:0.999436;GSE111016_SSS:0.894611
USP36	4	GSE111006_HSS,GSE111010_JSS,GSE111016_SSS,GSE226151	case_up	0.15465295522191438	0.04613759046780101	3.351994624206594	0.0008023157668414106	0.34713127380080006	2	0	4	0	1.0	4	4	1.0	GSE111006_HSS:match(heldout=0.17035,discovery_mean=0.15752);GSE111010_JSS:match(heldout=0.063923,discovery_mean=0.19299);GSE111016_SSS:match(heldout=0.10269,discovery_mean=0.18007);GSE226151:match(heldout=0.30594,discovery_mean=0.11232)	3.5013527523607273	14.318830115665973	0.0012505570795622435	False	GSE111006_HSS:0.170348;GSE111010_JSS:0.0639228;GSE111016_SSS:0.102693;GSE226151:0.305941	GSE111006_HSS:0.033573;GSE111010_JSS:0.576355;GSE111016_SSS:0.139974;GSE226151:0.00464339	GSE111006_HSS:0.521484;GSE111010_JSS:0.999436;GSE111016_SSS:0.894611;GSE226151:0.377279
SLC16A1	4	GSE111006_HSS,GSE111010_JSS,GSE111016_SSS,GSE226151	case_down	-0.1530237023550822	0.045668870314205204	-3.3507223038859473	0.0008060108575267448	0.34713127380080006	1	0	0	4	1.0	4	4	1.0	GSE111006_HSS:match(heldout=-0.22023,discovery_mean=-0.091256);GSE111010_JSS:match(heldout=-0.013143,discovery_mean=-0.16028);GSE111016_SSS:match(heldout=-0.17767,discovery_mean=-0.10544);GSE226151:match(heldout=-0.082956,discovery_mean=-0.13701)	1.657409832959613	0.0	0.0	False	GSE111006_HSS:-0.220226;GSE111010_JSS:-0.0131429;GSE111016_SSS:-0.177668;GSE226151:-0.0829564	GSE111006_HSS:0.214916;GSE111010_JSS:0.923075;GSE111016_SSS:0.00207734;GSE226151:0.587698	GSE111006_HSS:0.756408;GSE111010_JSS:0.999436;GSE111016_SSS:0.894611;GSE226151:0.824546
SCTR-AS1	2	GSE111006_HSS,GSE111016_SSS	case_down	-0.8485515752470876	0.2536382831960203	-3.34551852565292	0.0008212887253755673	0.348741883696238	1	0	0	2	1.0	2	2	1.0	GSE111006_HSS:match(heldout=-0.6482,discovery_mean=-0.85692);GSE111016_SSS:match(heldout=-0.85692,discovery_mean=-0.6482)	0.02605293624681931	0.0	0.0	False	GSE111006_HSS:-0.648196;GSE111016_SSS:-0.856917	GSE111006_HSS:0.612788;GSE111016_SSS:0.00208729	GSE111006_HSS:0.925973;GSE111016_SSS:0.894611
MLIP	4	GSE111006_HSS,GSE111010_JSS,GSE111016_SSS,GSE226151	case_up	0.1670308330903343	0.05004214319571699	3.3378033478116533	0.0008444349056990915	0.348741883696238	1	0	4	0	1.0	4	4	1.0	GSE111006_HSS:match(heldout=0.1616,discovery_mean=0.13444);GSE111010_JSS:match(heldout=0.03596,discovery_mean=0.17632);GSE111016_SSS:match(heldout=0.19016,discovery_mean=0.12492);GSE226151:match(heldout=0.1772,discovery_mean=0.12924)	0.8915173485090815	0.0	0.0	False	GSE111006_HSS:0.161601;GSE111010_JSS:0.0359604;GSE111016_SSS:0.190157;GSE226151:0.177205	GSE111006_HSS:0.210905;GSE111010_JSS:0.813965;GSE111016_SSS:0.00542998;GSE226151:0.212064	GSE111006_HSS:0.752193;GSE111010_JSS:0.999436;GSE111016_SSS:0.894611;GSE226151:0.637638
SMIM26	4	GSE111006_HSS,GSE111010_JSS,GSE111016_SSS,GSE226151	case_down	-0.1357712522788066	0.04086433254329129	-3.322487945568958	0.0008921852618696904	0.35255128567796223	2	0	0	4	1.0	4	4	1.0	GSE111006_HSS:match(heldout=-0.16038,discovery_mean=-0.16553);GSE111010_JSS:match(heldout=-0.091104,discovery_mean=-0.18862);GSE111016_SSS:match(heldout=-0.12169,discovery_mean=-0.17843);GSE226151:match(heldout=-0.2838,discovery_mean=-0.12439)	1.0228448753746116	0.0	0.0	False	GSE111006_HSS:-0.160378;GSE111010_JSS:-0.0911043;GSE111016_SSS:-0.121695;GSE226151:-0.283797	GSE111006_HSS:0.044447;GSE111010_JSS:0.371169;GSE111016_SSS:0.0430932;GSE226151:0.12836	GSE111006_HSS:0.553431;GSE111010_JSS:0.999436;GSE111016_SSS:0.894611;GSE226151:0.592402
EFCAB6	4	GSE111006_HSS,GSE111010_JSS,GSE111016_SSS,GSE226151	case_up	0.1441385304792349	0.04338488593928105	3.322321295968434	0.000892718341660108	0.35255128567796223	1	0	4	0	1.0	4	4	1.0	GSE111006_HSS:match(heldout=0.25916,discovery_mean=0.073842);GSE111010_JSS:match(heldout=0.01096,discovery_mean=0.15658);GSE111016_SSS:match(heldout=0.18652,discovery_mean=0.098056);GSE226151:match(heldout=0.024045,discovery_mean=0.15222)	3.0726415856328764	2.364141199303409	0.00029951187093185254	False	GSE111006_HSS:0.259164;GSE111010_JSS:0.0109605;GSE111016_SSS:0.186522;GSE226151:0.0240449	GSE111006_HSS:0.418802;GSE111010_JSS:0.961583;GSE111016_SSS:0.000437458;GSE226151:0.788456	GSE111006_HSS:0.859996;GSE111010_JSS:0.999436;GSE111016_SSS:0.894611;GSE226151:0.919704
DBI	4	GSE111006_HSS,GSE111010_JSS,GSE111016_SSS,GSE226151	case_down	-0.22109146295720397	0.06691730642192188	-3.303950424471586	0.0009533268897250887	0.3615298735533942	2	0	0	4	1.0	4	4	1.0	GSE111006_HSS:match(heldout=-0.27828,discovery_mean=-0.22201);GSE111010_JSS:match(heldout=-0.072369,discovery_mean=-0.29064);GSE111016_SSS:match(heldout=-0.21416,discovery_mean=-0.24338);GSE226151:match(heldout=-0.37949,discovery_mean=-0.18827)	2.170140556331403	0.0	0.0	False	GSE111006_HSS:-0.278281;GSE111010_JSS:-0.0723694;GSE111016_SSS:-0.214159;GSE226151:-0.379491	GSE111006_HSS:0.25093;GSE111010_JSS:0.625773;GSE111016_SSS:0.0267282;GSE226151:0.0180047	GSE111006_HSS:0.781561;GSE111010_JSS:0.999436;GSE111016_SSS:0.894611;GSE226151:0.495387
G6PC3	4	GSE111006_HSS,GSE111010_JSS,GSE111016_SSS,GSE226151	case_down	-0.10402653048455492	0.031736590037494544	-3.277810576424717	0.0010461557349363973	0.38912845608508145	1	0	0	4	1.0	4	4	1.0	GSE111006_HSS:match(heldout=-0.064082,discovery_mean=-0.092363);GSE111010_JSS:match(heldout=-0.1195,discovery_mean=-0.073891);GSE111016_SSS:match(heldout=-0.12614,discovery_mean=-0.071676);GSE226151:match(heldout=-0.031447,discovery_mean=-0.10324)	1.149911164589989	0.0	0.0	False	GSE111006_HSS:-0.0640822;GSE111010_JSS:-0.119499;GSE111016_SSS:-0.126143;GSE226151:-0.0314474	GSE111006_HSS:0.393468;GSE111010_JSS:0.194794;GSE111016_SSS:0.00432727;GSE226151:0.751118	GSE111006_HSS:0.852137;GSE111010_JSS:0.999436;GSE111016_SSS:0.894611;GSE226151:0.902042
BRINP3	2	GSE111016_SSS,GSE226151	case_up	0.13000746967553345	0.03967191483519173	3.2770656575469315	0.0010489197487147568	0.38912845608508145	1	0	2	0	1.0	2	2	1.0	GSE111016_SSS:match(heldout=0.13403,discovery_mean=0.11958);GSE226151:match(heldout=0.11958,discovery_mean=0.13403)	0.02665195307803399	0.0	0.0	False	GSE111016_SSS:0.134031;GSE226151:0.119582	GSE111016_SSS:0.00675208;GSE226151:0.12044	GSE111016_SSS:0.894611;GSE226151:0.589544
RWDD1	4	GSE111006_HSS,GSE111010_JSS,GSE111016_SSS,GSE226151	case_down	-0.11682438994615116	0.03592738413602968	-3.2516809324003675	0.0011472473015709695	0.41734183633555977	2	0	0	4	1.0	4	4	1.0	GSE111006_HSS:match(heldout=-0.058458,discovery_mean=-0.13689);GSE111010_JSS:match(heldout=-0.062405,discovery_mean=-0.13558);GSE111016_SSS:match(heldout=-0.13076,discovery_mean=-0.11279);GSE226151:match(heldout=-0.21751,discovery_mean=-0.083876)	1.8892041232806367	0.0	0.0	False	GSE111006_HSS:-0.0584582;GSE111010_JSS:-0.0624047;GSE111016_SSS:-0.130764;GSE226151:-0.217514	GSE111006_HSS:0.524695;GSE111010_JSS:0.454908;GSE111016_SSS:0.0118261;GSE226151:0.0418203	GSE111006_HSS:0.898958;GSE111010_JSS:0.999436;GSE111016_SSS:0.894611;GSE226151:0.550609
CHCHD4	4	GSE111006_HSS,GSE111010_JSS,GSE111016_SSS,GSE226151	case_down	-0.13585586889398438	0.041896661367603144	-3.2426418826545396	0.001184269654605835	0.4228319832177884	1	0	0	4	1.0	4	4	1.0	GSE111006_HSS:match(heldout=-0.17302,discovery_mean=-0.11626);GSE111010_JSS:match(heldout=-0.071772,discovery_mean=-0.15001);GSE111016_SSS:match(heldout=-0.13688,discovery_mean=-0.12831);GSE226151:match(heldout=-0.14013,discovery_mean=-0.12722)	0.3193404969328969	0.0	0.0	False	GSE111006_HSS:-0.173018;GSE111010_JSS:-0.0717719;GSE111016_SSS:-0.136881;GSE226151:-0.140133	GSE111006_HSS:0.156716;GSE111010_JSS:0.605526;GSE111016_SSS:0.016085;GSE226151:0.157678	GSE111006_HSS:0.709862;GSE111010_JSS:0.999436;GSE111016_SSS:0.894611;GSE226151:0.609959
CHODL	3	GSE111010_JSS,GSE111016_SSS,GSE226151	case_down	-0.1532695899867541	0.04729832924866689	-3.240486343205749	0.0011932598792319502	0.4228319832177884	1	0	0	3	1.0	3	3	1.0	GSE111010_JSS:match(heldout=-0.18306,discovery_mean=-0.30314);GSE111016_SSS:match(heldout=-0.14487,discovery_mean=-0.32224);GSE226151:match(heldout=-0.46141,discovery_mean=-0.16397)	1.059660780524653	0.0	0.0	False	GSE111010_JSS:-0.183064;GSE111016_SSS:-0.144872;GSE226151:-0.461412	GSE111010_JSS:0.586421;GSE111016_SSS:0.00488554;GSE226151:0.138917	GSE111010_JSS:0.999436;GSE111016_SSS:0.894611;GSE226151:0.600106
RPS6KB2	4	GSE111006_HSS,GSE111010_JSS,GSE111016_SSS,GSE226151	case_down	-0.11773121104920767	0.0363391924953365	-3.239786108739659	0.0011961939262079473	0.4228319832177884	1	0	0	4	1.0	4	4	1.0	GSE111006_HSS:match(heldout=-0.077089,discovery_mean=-0.1315);GSE111010_JSS:match(heldout=-0.16174,discovery_mean=-0.10328);GSE111016_SSS:match(heldout=-0.12356,discovery_mean=-0.11601);GSE226151:match(heldout=-0.10919,discovery_mean=-0.1208)	0.41720805335804734	0.0	0.0	False	GSE111006_HSS:-0.0770887;GSE111010_JSS:-0.161738;GSE111016_SSS:-0.123561;GSE226151:-0.109189	GSE111006_HSS:0.362107;GSE111010_JSS:0.158864;GSE111016_SSS:0.0107312;GSE226151:0.410627	GSE111006_HSS:0.838671;GSE111010_JSS:0.999436;GSE111016_SSS:0.894611;GSE226151:0.737349
WDR35	4	GSE111006_HSS,GSE111010_JSS,GSE111016_SSS,GSE226151	case_up	0.13529128917924008	0.041877061711118345	3.2306776944505704	0.0012349711304898295	0.424444567956582	1	0	4	0	1.0	4	4	1.0	GSE111006_HSS:match(heldout=0.10809,discovery_mean=0.13945);GSE111010_JSS:match(heldout=0.14553,discovery_mean=0.12697);GSE111016_SSS:match(heldout=0.14204,discovery_mean=0.12813);GSE226151:match(heldout=0.13078,discovery_mean=0.13189)	0.10819349968188187	0.0	0.0	False	GSE111006_HSS:0.108087;GSE111010_JSS:0.145533;GSE111016_SSS:0.14204;GSE226151:0.130782	GSE111006_HSS:0.268436;GSE111010_JSS:0.108472;GSE111016_SSS:0.0242879;GSE226151:0.340608	GSE111006_HSS:0.790202;GSE111010_JSS:0.999436;GSE111016_SSS:0.894611;GSE226151:0.701499
RALY	4	GSE111006_HSS,GSE111010_JSS,GSE111016_SSS,GSE226151	case_down	-0.10131174573931592	0.03136988521293448	-3.2295861158440866	0.0012396954013972157	0.424444567956582	1	0	0	4	1.0	4	4	1.0	GSE111006_HSS:match(heldout=-0.10709,discovery_mean=-0.096354);GSE111010_JSS:match(heldout=-0.10912,discovery_mean=-0.095676);GSE111016_SSS:match(heldout=-0.10184,discovery_mean=-0.098102);GSE226151:match(heldout=-0.0781,discovery_mean=-0.10602)	0.06608699276240654	0.0	0.0	False	GSE111006_HSS:-0.107087;GSE111010_JSS:-0.109119;GSE111016_SSS:-0.101842;GSE226151:-0.0780997	GSE111006_HSS:0.120534;GSE111010_JSS:0.320731;GSE111016_SSS:0.0165845;GSE226151:0.442931	GSE111006_HSS:0.670883;GSE111010_JSS:0.999436;GSE111016_SSS:0.894611;GSE226151:0.753176
TIMM21	4	GSE111006_HSS,GSE111010_JSS,GSE111016_SSS,GSE226151	case_down	-0.13953695580676032	0.04333816133646178	-3.2197248684236035	0.0012831368125007477	0.424444567956582	1	0	0	4	1.0	4	4	1.0	GSE111006_HSS:match(heldout=-0.10002,discovery_mean=-0.12714);GSE111010_JSS:match(heldout=-0.013489,discovery_mean=-0.15598);GSE111016_SSS:match(heldout=-0.20119,discovery_mean=-0.093413);GSE226151:match(heldout=-0.16673,discovery_mean=-0.1049)	3.188931886348105	5.9246134154488175	0.0004810087314515586	False	GSE111006_HSS:-0.100017;GSE111010_JSS:-0.0134889;GSE111016_SSS:-0.201194;GSE226151:-0.166733	GSE111006_HSS:0.372544;GSE111010_JSS:0.883103;GSE111016_SSS:0.00187111;GSE226151:0.107137	GSE111006_HSS:0.844863;GSE111010_JSS:0.999436;GSE111016_SSS:0.894611;GSE226151:0.581961
C2orf74	2	GSE111016_SSS,GSE226151	case_down	-0.12156391665436397	0.037783554452939815	-3.21737640659971	0.001293687516049564	0.424444567956582	1	0	0	2	1.0	2	2	1.0	GSE111016_SSS:match(heldout=-0.12593,discovery_mean=-0.11393);GSE226151:match(heldout=-0.11393,discovery_mean=-0.12593)	0.023361315636914095	0.0	0.0	False	GSE111016_SSS:-0.125932;GSE226151:-0.113929	GSE111016_SSS:0.0115358;GSE226151:0.0772256	GSE111016_SSS:0.894611;GSE226151:0.568782
DAP3	4	GSE111006_HSS,GSE111010_JSS,GSE111016_SSS,GSE226151	case_down	-0.08575104094091181	0.026659299583263418	-3.2165526582230957	0.001297407218301842	0.424444567956582	1	0	0	4	1.0	4	4	1.0	GSE111006_HSS:match(heldout=-0.038829,discovery_mean=-0.07461);GSE111010_JSS:match(heldout=-0.035351,discovery_mean=-0.075769);GSE111016_SSS:match(heldout=-0.10836,discovery_mean=-0.051434);GSE226151:match(heldout=-0.080122,discovery_mean=-0.060846)	1.4121194533921826	0.0	0.0	False	GSE111006_HSS:-0.0388292;GSE111010_JSS:-0.0353511;GSE111016_SSS:-0.108356;GSE226151:-0.0801222	GSE111006_HSS:0.525369;GSE111010_JSS:0.683988;GSE111016_SSS:0.00248239;GSE226151:0.431499	GSE111006_HSS:0.899426;GSE111010_JSS:0.999436;GSE111016_SSS:0.894611;GSE226151:0.749737
MRPL33	4	GSE111006_HSS,GSE111010_JSS,GSE111016_SSS,GSE226151	case_down	-0.2118595659313297	0.06586589188570371	-3.216529221208559	0.0012975131943076849	0.424444567956582	2	0	0	4	1.0	4	4	1.0	GSE111006_HSS:match(heldout=-0.17656,discovery_mean=-0.21919);GSE111010_JSS:match(heldout=-0.050064,discovery_mean=-0.26136);GSE111016_SSS:match(heldout=-0.20173,discovery_mean=-0.2108);GSE226151:match(heldout=-0.40579,discovery_mean=-0.14278)	5.719959082980578	47.552072375371814	0.008179799699084738	False	GSE111006_HSS:-0.176557;GSE111010_JSS:-0.0500642;GSE111016_SSS:-0.201726;GSE226151:-0.405787	GSE111006_HSS:0.121936;GSE111010_JSS:0.661425;GSE111016_SSS:0.00366527;GSE226151:0.000367971	GSE111006_HSS:0.672487;GSE111010_JSS:0.999436;GSE111016_SSS:0.894611;GSE226151:0.183863
MPDU1	4	GSE111006_HSS,GSE111010_JSS,GSE111016_SSS,GSE226151	case_down	-0.14658034475534648	0.04574805488591772	-3.2040781869496975	0.0013549567481822107	0.4252050815822369	1	0	0	4	1.0	4	4	1.0	GSE111006_HSS:match(heldout=-0.18855,discovery_mean=-0.14372);GSE111010_JSS:match(heldout=-0.20784,discovery_mean=-0.13729);GSE111016_SSS:match(heldout=-0.11598,discovery_mean=-0.16791);GSE226151:match(heldout=-0.10734,discovery_mean=-0.17079)	0.7491233090606646	0.0	0.0	False	GSE111006_HSS:-0.188549;GSE111010_JSS:-0.207839;GSE111016_SSS:-0.115983;GSE226151:-0.107336	GSE111006_HSS:0.0494234;GSE111010_JSS:0.102536;GSE111016_SSS:0.0646028;GSE226151:0.617578	GSE111006_HSS:0.571706;GSE111010_JSS:0.999436;GSE111016_SSS:0.894611;GSE226151:0.839208
MDH2	4	GSE111006_HSS,GSE111010_JSS,GSE111016_SSS,GSE226151	case_down	-0.14022387106590045	0.04378395680589711	-3.20263131282402	0.001361782000850528	0.4252050815822369	1	0	0	4	1.0	4	4	1.0	GSE111006_HSS:match(heldout=-0.08761,discovery_mean=-0.14789);GSE111010_JSS:match(heldout=-0.10052,discovery_mean=-0.14358);GSE111016_SSS:match(heldout=-0.14275,discovery_mean=-0.12951);GSE226151:match(heldout=-0.20039,discovery_mean=-0.11029)	0.669294112408225	0.0	0.0	False	GSE111006_HSS:-0.0876104;GSE111010_JSS:-0.100517;GSE111016_SSS:-0.142751;GSE226151:-0.200392	GSE111006_HSS:0.391302;GSE111010_JSS:0.57593;GSE111016_SSS:0.0188682;GSE226151:0.0586433	GSE111006_HSS:0.851592;GSE111010_JSS:0.999436;GSE111016_SSS:0.894611;GSE226151:0.561166
MRPL54	4	GSE111006_HSS,GSE111010_JSS,GSE111016_SSS,GSE226151	case_down	-0.15121994151793744	0.04732567483827594	-3.195304494541178	0.001396833840850544	0.4325451833291656	1	0	0	4	1.0	4	4	1.0	GSE111006_HSS:match(heldout=-0.066865,discovery_mean=-0.23895);GSE111010_JSS:match(heldout=-0.12063,discovery_mean=-0.22103);GSE111016_SSS:match(heldout=-0.15661,discovery_mean=-0.20903);GSE226151:match(heldout=-0.43961,discovery_mean=-0.1147)	2.2318365784371155	0.0	0.0	False	GSE111006_HSS:-0.0668652;GSE111010_JSS:-0.120625;GSE111016_SSS:-0.15661;GSE226151:-0.439608	GSE111006_HSS:0.638336;GSE111010_JSS:0.224813;GSE111016_SSS:0.0147228;GSE226151:0.0503738	GSE111006_HSS:0.933737;GSE111010_JSS:0.999436;GSE111016_SSS:0.894611;GSE226151:0.558041
PGAM2	3	GSE111006_HSS,GSE111010_JSS,GSE111016_SSS	case_down	-0.21360046449473963	0.06765936272979481	-3.1569978769645948	0.001594025068883267	0.4520123473243978	1	0	0	3	1.0	3	3	1.0	GSE111006_HSS:match(heldout=-0.23088,discovery_mean=-0.23753);GSE111010_JSS:match(heldout=-0.2784,discovery_mean=-0.21377);GSE111016_SSS:match(heldout=-0.19666,discovery_mean=-0.25464)	0.13407530052237832	0.0	0.0	False	GSE111006_HSS:-0.23088;GSE111010_JSS:-0.278398;GSE111016_SSS:-0.196658	GSE111006_HSS:0.0728036;GSE111010_JSS:0.250707;GSE111016_SSS:0.0279434	GSE111006_HSS:0.603554;GSE111010_JSS:0.999436;GSE111016_SSS:0.894611
ADAMTS17	4	GSE111006_HSS,GSE111010_JSS,GSE111016_SSS,GSE226151	case_up	0.2791548283053444	0.08845814867210282	3.1557842041225297	0.0016006723867483294	0.4520123473243978	2	0	4	0	1.0	4	4	1.0	GSE111006_HSS:match(heldout=0.53857,discovery_mean=0.28806);GSE111010_JSS:match(heldout=0.1778,discovery_mean=0.40832);GSE111016_SSS:match(heldout=0.23875,discovery_mean=0.388);GSE226151:match(heldout=0.44763,discovery_mean=0.31837)	1.7286703885688484	0.0	0.0	False	GSE111006_HSS:0.538568;GSE111010_JSS:0.1778;GSE111016_SSS:0.238751;GSE226151:0.447627	GSE111006_HSS:0.0340694;GSE111010_JSS:0.394686;GSE111016_SSS:0.0398967;GSE226151:0.236892	GSE111006_HSS:0.521845;GSE111010_JSS:0.999436;GSE111016_SSS:0.894611;GSE226151:0.647942
ARPC5L	4	GSE111006_HSS,GSE111010_JSS,GSE111016_SSS,GSE226151	case_down	-0.13934349782736818	0.04418623212128572	-3.153550124954931	0.0016129752554887686	0.4520123473243978	1	0	0	4	1.0	4	4	1.0	GSE111006_HSS:match(heldout=-0.19224,discovery_mean=-0.11888);GSE111010_JSS:match(heldout=-0.10156,discovery_mean=-0.14911);GSE111016_SSS:match(heldout=-0.13039,discovery_mean=-0.1395);GSE226151:match(heldout=-0.12469,discovery_mean=-0.1414)	0.3574680855222248	0.0	0.0	False	GSE111006_HSS:-0.192243;GSE111010_JSS:-0.10156;GSE111016_SSS:-0.130388;GSE226151:-0.124693	GSE111006_HSS:0.0692727;GSE111010_JSS:0.56363;GSE111016_SSS:0.0271832;GSE226151:0.299504	GSE111006_HSS:0.596245;GSE111010_JSS:0.999436;GSE111016_SSS:0.894611;GSE226151:0.678694
LMO1	4	GSE111006_HSS,GSE111010_JSS,GSE111016_SSS,GSE226151	case_down	-0.31736116997392866	0.10066772450441692	-3.1525612755854437	0.001618448496246663	0.4520123473243978	1	0	0	4	1.0	4	4	1.0	GSE111006_HSS:match(heldout=-0.46103,discovery_mean=-0.25597);GSE111010_JSS:match(heldout=-0.29482,discovery_mean=-0.31137);GSE111016_SSS:match(heldout=-0.28025,discovery_mean=-0.31623);GSE226151:match(heldout=-0.19282,discovery_mean=-0.34537)	0.8467251715754873	0.0	0.0	False	GSE111006_HSS:-0.461031;GSE111010_JSS:-0.294823;GSE111016_SSS:-0.280252;GSE226151:-0.192823	GSE111006_HSS:0.0245073;GSE111010_JSS:0.309986;GSE111016_SSS:0.068752;GSE226151:0.460587	GSE111006_HSS:0.49537;GSE111010_JSS:0.999436;GSE111016_SSS:0.894611;GSE226151:0.761376
PRSS56	4	GSE111006_HSS,GSE111010_JSS,GSE111016_SSS,GSE226151	case_down	-0.24581808699467841	0.07804702392930138	-3.149615124560699	0.001634856812820558	0.4520123473243978	1	0	0	4	1.0	4	4	1.0	GSE111006_HSS:match(heldout=-0.56234,discovery_mean=-0.25138);GSE111010_JSS:match(heldout=-0.22336,discovery_mean=-0.36437);GSE111016_SSS:match(heldout=-0.1614,discovery_mean=-0.38503);GSE226151:match(heldout=-0.36939,discovery_mean=-0.3157)	2.7966946690128247	0.0	0.0	False	GSE111006_HSS:-0.562337;GSE111010_JSS:-0.22336;GSE111016_SSS:-0.161396;GSE226151:-0.369386	GSE111006_HSS:0.0275642;GSE111010_JSS:0.270469;GSE111016_SSS:0.123732;GSE226151:0.0670006	GSE111006_HSS:0.509161;GSE111010_JSS:0.999436;GSE111016_SSS:0.894611;GSE226151:0.561651
PRSS55	2	GSE111016_SSS,GSE226151	case_down	-0.014865573133751921	0.00472116793767246	-3.148706703511306	0.001639946975062147	0.4520123473243978	1	0	0	2	1.0	2	2	1.0	GSE111016_SSS:match(heldout=-0.015058,discovery_mean=-0.013475);GSE226151:match(heldout=-0.013475,discovery_mean=-0.015058)	0.01198122077635874	0.0	0.0	False	GSE111016_SSS:-0.0150576;GSE226151:-0.013475	GSE111016_SSS:0.00494286;GSE226151:0.326743	GSE111016_SSS:0.894611;GSE226151:0.693749
ZNF584-DT	3	GSE111006_HSS,GSE111010_JSS,GSE111016_SSS	case_up	0.1656634636704907	0.05275364360252625	3.1403226840346146	0.0016876183484153563	0.46154327472424767	1	0	3	0	1.0	3	3	1.0	GSE111006_HSS:match(heldout=0.27506,discovery_mean=0.15752);GSE111010_JSS:match(heldout=0.16443,discovery_mean=0.21283);GSE111016_SSS:match(heldout=0.15061,discovery_mean=0.21975)	0.5491591896453721	0.0	0.0	False	GSE111006_HSS:0.275062;GSE111010_JSS:0.164434;GSE111016_SSS:0.150605	GSE111006_HSS:0.0911085;GSE111010_JSS:0.394852;GSE111016_SSS:0.0143621	GSE111006_HSS:0.635519;GSE111010_JSS:0.999436;GSE111016_SSS:0.894611
RNF5	4	GSE111006_HSS,GSE111010_JSS,GSE111016_SSS,GSE226151	case_down	-0.027378786706805932	0.008752857938650544	-3.1279825285302194	0.0017601064365485846	0.4677264402201342	1	0	0	4	1.0	4	4	1.0	GSE111006_HSS:match(heldout=-0.064837,discovery_mean=-0.061307);GSE111010_JSS:match(heldout=-0.058283,discovery_mean=-0.063491);GSE111016_SSS:match(heldout=-0.026303,discovery_mean=-0.074151);GSE226151:match(heldout=-0.099334,discovery_mean=-0.049808)	0.7988988864479296	0.0	0.0	False	GSE111006_HSS:-0.0648373;GSE111010_JSS:-0.0582829;GSE111016_SSS:-0.0263035;GSE226151:-0.0993337	GSE111006_HSS:0.496201;GSE111010_JSS:0.695706;GSE111016_SSS:0.00515377;GSE226151:0.299557	GSE111006_HSS:0.888976;GSE111010_JSS:0.999436;GSE111016_SSS:0.894611;GSE226151:0.67873
RPL39	4	GSE111006_HSS,GSE111010_JSS,GSE111016_SSS,GSE226151	case_down	-0.17938057323994372	0.057405159314846736	-3.1248162252473777	0.0017791617466897463	0.4694606442726627	2	0	0	4	1.0	4	4	1.0	GSE111006_HSS:match(heldout=-0.24499,discovery_mean=-0.17755);GSE111010_JSS:match(heldout=-0.060612,discovery_mean=-0.23901);GSE111016_SSS:match(heldout=-0.14933,discovery_mean=-0.20944);GSE226151:match(heldout=-0.32271,discovery_mean=-0.15165)	1.7265751345777822	0.0	0.0	False	GSE111006_HSS:-0.244994;GSE111010_JSS:-0.0606124;GSE111016_SSS:-0.149329;GSE226151:-0.322709	GSE111006_HSS:0.144715;GSE111010_JSS:0.743313;GSE111016_SSS:0.0473569;GSE226151:0.0328453	GSE111006_HSS:0.700548;GSE111010_JSS:0.999436;GSE111016_SSS:0.894611;GSE226151:0.534575
TMEM126A	4	GSE111006_HSS,GSE111010_JSS,GSE111016_SSS,GSE226151	case_down	-0.17516261854640228	0.05623962902603749	-3.1145763508736253	0.0018420927514843847	0.4800650564198121	1	0	0	4	1.0	4	4	1.0	GSE111006_HSS:match(heldout=-0.16056,discovery_mean=-0.17118);GSE111010_JSS:match(heldout=-0.10898,discovery_mean=-0.18837);GSE111016_SSS:match(heldout=-0.098198,discovery_mean=-0.19196);GSE226151:match(heldout=-0.30636,discovery_mean=-0.12258)	2.593837674905786	0.0	0.0	False	GSE111006_HSS:-0.16056;GSE111010_JSS:-0.108975;GSE111016_SSS:-0.0981978;GSE226151:-0.306359	GSE111006_HSS:0.243269;GSE111010_JSS:0.467524;GSE111016_SSS:0.295198;GSE226151:0.00447137	GSE111006_HSS:0.774933;GSE111010_JSS:0.999436;GSE111016_SSS:0.908485;GSE226151:0.370866
ZNF891	4	GSE111006_HSS,GSE111010_JSS,GSE111016_SSS,GSE226151	case_up	0.12298265515655173	0.039499336706812424	3.1135372239134584	0.0018485918948565182	0.4800650564198121	1	0	4	0	1.0	4	4	1.0	GSE111006_HSS:match(heldout=0.22156,discovery_mean=0.12969);GSE111010_JSS:match(heldout=0.1419,discovery_mean=0.15624);GSE111016_SSS:match(heldout=0.060147,discovery_mean=0.18349);GSE226151:match(heldout=0.18702,discovery_mean=0.1412)	2.827072766621887	0.0	0.0	False	GSE111006_HSS:0.221561;GSE111010_JSS:0.141901;GSE111016_SSS:0.0601472;GSE226151:0.187019	GSE111006_HSS:0.0582987;GSE111010_JSS:0.316568;GSE111016_SSS:0.284203;GSE226151:0.0159377	GSE111006_HSS:0.578916;GSE111010_JSS:0.999436;GSE111016_SSS:0.908485;GSE226151:0.493013
SMIM30	4	GSE111006_HSS,GSE111010_JSS,GSE111016_SSS,GSE226151	case_down	-0.11271905853670289	0.036219930833777655	-3.112072716372621	0.0018577873223430772	0.4800650564198121	1	0	0	4	1.0	4	4	1.0	GSE111006_HSS:match(heldout=-0.17618,discovery_mean=-0.072593);GSE111010_JSS:match(heldout=-0.041081,discovery_mean=-0.11763);GSE111016_SSS:match(heldout=-0.12712,discovery_mean=-0.088948);GSE226151:match(heldout=-0.049579,discovery_mean=-0.11479)	1.599538088625681	0.0	0.0	False	GSE111006_HSS:-0.176182;GSE111010_JSS:-0.0410812;GSE111016_SSS:-0.127118;GSE226151:-0.0495792	GSE111006_HSS:0.0521436;GSE111010_JSS:0.661076;GSE111016_SSS:0.0133682;GSE226151:0.631957	GSE111006_HSS:0.571706;GSE111010_JSS:0.999436;GSE111016_SSS:0.894611;GSE226151:0.846036
MRPL11	4	GSE111006_HSS,GSE111010_JSS,GSE111016_SSS,GSE226151	case_down	-0.12286901807108694	0.039543056181034	-3.1072210885414187	0.0018885510026817696	0.48029513664897955	2	0	0	4	1.0	4	4	1.0	GSE111006_HSS:match(heldout=-0.081216,discovery_mean=-0.16081);GSE111010_JSS:match(heldout=-0.045372,discovery_mean=-0.17276);GSE111016_SSS:match(heldout=-0.12403,discovery_mean=-0.14654);GSE226151:match(heldout=-0.31304,discovery_mean=-0.083541)	2.689918546134888	0.0	0.0	False	GSE111006_HSS:-0.0812159;GSE111010_JSS:-0.0453725;GSE111016_SSS:-0.124033;GSE226151:-0.313037	GSE111006_HSS:0.401577;GSE111010_JSS:0.684302;GSE111016_SSS:0.0189337;GSE226151:0.0255756	GSE111006_HSS:0.85491;GSE111010_JSS:0.999436;GSE111016_SSS:0.894611;GSE226151:0.511558
RP9	4	GSE111006_HSS,GSE111010_JSS,GSE111016_SSS,GSE226151	case_down	-0.151469494743284	0.04890654296088163	-3.097121276072168	0.0019540991149823886	0.48029513664897955	1	0	0	4	1.0	4	4	1.0	GSE111006_HSS:match(heldout=-0.051194,discovery_mean=-0.22967);GSE111010_JSS:match(heldout=-0.17178,discovery_mean=-0.18948);GSE111016_SSS:match(heldout=-0.15371,discovery_mean=-0.1955);GSE226151:match(heldout=-0.36352,discovery_mean=-0.12556)	2.260915167813691	0.0	0.0	False	GSE111006_HSS:-0.0511937;GSE111010_JSS:-0.171783;GSE111016_SSS:-0.153709;GSE226151:-0.363525	GSE111006_HSS:0.624774;GSE111010_JSS:0.0469839;GSE111016_SSS:0.0722399;GSE226151:0.062267	GSE111006_HSS:0.929246;GSE111010_JSS:0.999436;GSE111016_SSS:0.894611;GSE226151:0.561229
CISD3	4	GSE111006_HSS,GSE111010_JSS,GSE111016_SSS,GSE226151	case_down	-0.07827969179946676	0.025324305112817195	-3.0910894277548273	0.0019942356269567214	0.48029513664897955	1	0	0	4	1.0	4	4	1.0	GSE111006_HSS:match(heldout=-0.16583,discovery_mean=-0.1381);GSE111010_JSS:match(heldout=-0.067243,discovery_mean=-0.17096);GSE111016_SSS:match(heldout=-0.066093,discovery_mean=-0.17135);GSE226151:match(heldout=-0.28097,discovery_mean=-0.099722)	2.6416745795828653	0.0	0.0	False	GSE111006_HSS:-0.165829;GSE111010_JSS:-0.067243;GSE111016_SSS:-0.0660929;GSE226151:-0.280966	GSE111006_HSS:0.100863;GSE111010_JSS:0.661746;GSE111016_SSS:0.019244;GSE226151:0.0850261	GSE111006_HSS:0.643493;GSE111010_JSS:0.999436;GSE111016_SSS:0.894611;GSE226151:0.577859
HCCS	4	GSE111006_HSS,GSE111010_JSS,GSE111016_SSS,GSE226151	case_down	-0.12397889147895833	0.0401280217943923	-3.089583934991876	0.0020043706250678387	0.48029513664897955	1	0	0	4	1.0	4	4	1.0	GSE111006_HSS:match(heldout=-0.15607,discovery_mean=-0.064865);GSE111010_JSS:match(heldout=-0.024163,discovery_mean=-0.10883);GSE111016_SSS:match(heldout=-0.16186,discovery_mean=-0.062935);GSE226151:match(heldout=-0.0085747,discovery_mean=-0.11403)	2.4461206827581177	0.0	0.0	False	GSE111006_HSS:-0.156068;GSE111010_JSS:-0.0241628;GSE111016_SSS:-0.161857;GSE226151:-0.00857472	GSE111006_HSS:0.133332;GSE111010_JSS:0.824818;GSE111016_SSS:0.00378464;GSE226151:0.942253	GSE111006_HSS:0.686933;GSE111010_JSS:0.999436;GSE111016_SSS:0.894611;GSE226151:0.978989
NDUFV2P1	3	GSE111006_HSS,GSE111010_JSS,GSE111016_SSS	case_down	-0.15657842888924683	0.05071833570988768	-3.0872154359497532	0.002020411113492942	0.48029513664897955	1	0	0	3	1.0	3	3	1.0	GSE111006_HSS:match(heldout=-0.19488,discovery_mean=-0.1124);GSE111010_JSS:match(heldout=-0.046379,discovery_mean=-0.18665);GSE111016_SSS:match(heldout=-0.17841,discovery_mean=-0.12063)	1.1949748109552452	0.0	0.0	False	GSE111006_HSS:-0.194883;GSE111010_JSS:-0.0463795;GSE111016_SSS:-0.178413	GSE111006_HSS:0.0540679;GSE111010_JSS:0.687342;GSE111016_SSS:0.0148644	GSE111006_HSS:0.571706;GSE111010_JSS:0.999436;GSE111016_SSS:0.894611
MTCO3P11	2	GSE111010_JSS,GSE111016_SSS	case_up	0.15635846111653595	0.050699852701830035	3.084002275826969	0.0020423603312402817	0.48029513664897955	1	0	2	0	1.0	2	2	1.0	GSE111010_JSS:match(heldout=0.13794,discovery_mean=0.15653);GSE111016_SSS:match(heldout=0.15653,discovery_mean=0.13794)	0.0012472653733726976	0.0	0.0	False	GSE111010_JSS:0.137943;GSE111016_SSS:0.156533	GSE111010_JSS:0.795009;GSE111016_SSS:0.00396526	GSE111010_JSS:0.999436;GSE111016_SSS:0.894611
TRBC2	2	GSE111006_HSS,GSE111016_SSS	case_down	-0.08415831240863123	0.027291859767844255	-3.083641537239174	0.0020448381619916586	0.48029513664897955	1	0	0	2	1.0	2	2	1.0	GSE111006_HSS:match(heldout=-0.50478,discovery_mean=-0.082528);GSE111016_SSS:match(heldout=-0.082528,discovery_mean=-0.50478)	0.9204253891012439	0.0	0.0	False	GSE111006_HSS:-0.504776;GSE111016_SSS:-0.0825284	GSE111006_HSS:0.259896;GSE111016_SSS:0.00458592	GSE111006_HSS:0.786338;GSE111016_SSS:0.894611
NDUFB10	4	GSE111006_HSS,GSE111010_JSS,GSE111016_SSS,GSE226151	case_down	-0.19928164355278183	0.0647485232953717	-3.07777897333184	0.0020854953351506595	0.48029513664897955	2	0	0	4	1.0	4	4	1.0	GSE111006_HSS:match(heldout=-0.087521,discovery_mean=-0.25202);GSE111010_JSS:match(heldout=-0.10715,discovery_mean=-0.24547);GSE111016_SSS:match(heldout=-0.22308,discovery_mean=-0.20683);GSE226151:match(heldout=-0.42582,discovery_mean=-0.13925)	3.6263188776258586	17.271478288635993	0.0030314043527532807	False	GSE111006_HSS:-0.0875211;GSE111010_JSS:-0.107154;GSE111016_SSS:-0.223076;GSE226151:-0.42582	GSE111006_HSS:0.409294;GSE111010_JSS:0.548316;GSE111016_SSS:0.0108679;GSE226151:0.00947778	GSE111006_HSS:0.857085;GSE111010_JSS:0.999436;GSE111016_SSS:0.894611;GSE226151:0.467656
HSPBAP1	4	GSE111006_HSS,GSE111010_JSS,GSE111016_SSS,GSE226151	case_up	0.16335157328687847	0.05308885391864537	3.076946688983008	0.0020913269971825146	0.48029513664897955	1	0	4	0	1.0	4	4	1.0	GSE111006_HSS:match(heldout=0.27598,discovery_mean=0.12198);GSE111010_JSS:match(heldout=0.1078,discovery_mean=0.17805);GSE111016_SSS:match(heldout=0.084376,discovery_mean=0.18585);GSE226151:match(heldout=0.17378,discovery_mean=0.15605)	2.321898363712044	0.0	0.0	False	GSE111006_HSS:0.275981;GSE111010_JSS:0.107798;GSE111016_SSS:0.0843764;GSE226151:0.17378	GSE111006_HSS:0.00812518;GSE111010_JSS:0.559761;GSE111016_SSS:0.324144;GSE226151:0.133014	GSE111006_HSS:0.428473;GSE111010_JSS:0.999436;GSE111016_SSS:0.908485;GSE226151:0.595524
NEAT1	3	GSE111006_HSS,GSE111010_JSS,GSE111016_SSS	case_up	0.15770425785162986	0.05127052630058312	3.0759243025331737	0.0020985111396819613	0.48029513664897955	1	0	3	0	1.0	3	3	1.0	GSE111006_HSS:match(heldout=0.20909,discovery_mean=0.079071);GSE111010_JSS:match(heldout=0.0083877,discovery_mean=0.17942);GSE111016_SSS:match(heldout=0.14975,discovery_mean=0.10874)	0.41974337062577893	0.0	0.0	False	GSE111006_HSS:0.209091;GSE111010_JSS:0.00838772;GSE111016_SSS:0.149755	GSE111006_HSS:0.0841512;GSE111010_JSS:0.979829;GSE111016_SSS:0.0138187	GSE111006_HSS:0.624202;GSE111010_JSS:0.999436;GSE111016_SSS:0.894611
SNHG16	3	GSE111006_HSS,GSE111010_JSS,GSE111016_SSS	case_down	-0.12424616265878564	0.040415172524493836	-3.074245509739828	0.002110356855751536	0.48029513664897955	2	0	0	3	1.0	3	3	1.0	GSE111006_HSS:match(heldout=-0.2912,discovery_mean=-0.066928);GSE111010_JSS:match(heldout=-0.024222,discovery_mean=-0.20042);GSE111016_SSS:match(heldout=-0.10963,discovery_mean=-0.15771)	1.9833937952050245	0.0	0.0	False	GSE111006_HSS:-0.291199;GSE111010_JSS:-0.0242216;GSE111016_SSS:-0.109634	GSE111006_HSS:0.0326438;GSE111010_JSS:0.911731;GSE111016_SSS:0.0159007	GSE111006_HSS:0.519275;GSE111010_JSS:0.999436;GSE111016_SSS:0.894611
PKIB	2	GSE111016_SSS,GSE226151	case_down	-0.13699777405615057	0.04457078822082612	-3.0737121672023084	0.0021141329857493427	0.48029513664897955	1	0	0	2	1.0	2	2	1.0	GSE111016_SSS:match(heldout=-0.13496,discovery_mean=-0.14755);GSE226151:match(heldout=-0.14755,discovery_mean=-0.13496)	0.010800629885513596	0.0	0.0	False	GSE111016_SSS:-0.134964;GSE226151:-0.147546	GSE111016_SSS:0.00865823;GSE226151:0.191558	GSE111016_SSS:0.894611;GSE226151:0.6237
KLHL31	4	GSE111006_HSS,GSE111010_JSS,GSE111016_SSS,GSE226151	case_down	-0.16383831482830033	0.05339926088657064	-3.0681757033364474	0.0021536994688162426	0.48029513664897955	1	0	0	4	1.0	4	4	1.0	GSE111006_HSS:match(heldout=-0.24614,discovery_mean=-0.10488);GSE111010_JSS:match(heldout=-0.15515,discovery_mean=-0.13521);GSE111016_SSS:match(heldout=-0.15536,discovery_mean=-0.13514);GSE226151:match(heldout=-0.0041244,discovery_mean=-0.18555)	0.8195171533253229	0.0	0.0	False	GSE111006_HSS:-0.246139;GSE111010_JSS:-0.155149;GSE111016_SSS:-0.155364;GSE226151:-0.00412435	GSE111006_HSS:0.068649;GSE111010_JSS:0.184629;GSE111016_SSS:0.0353929;GSE226151:0.987066	GSE111006_HSS:0.595098;GSE111010_JSS:0.999436;GSE111016_SSS:0.894611;GSE226151:0.994955
SLC25A12	4	GSE111006_HSS,GSE111010_JSS,GSE111016_SSS,GSE226151	case_down	-0.13591095667096026	0.04447127136544193	-3.0561518143727944	0.0022419770658915986	0.48054702992933535	2	0	0	4	1.0	4	4	1.0	GSE111006_HSS:match(heldout=-0.23378,discovery_mean=-0.080108);GSE111010_JSS:match(heldout=-0.050061,discovery_mean=-0.14135);GSE111016_SSS:match(heldout=-0.14977,discovery_mean=-0.10811);GSE226151:match(heldout=-0.04049,discovery_mean=-0.14454)	2.2319705967883827	0.0	0.0	False	GSE111006_HSS:-0.233779;GSE111010_JSS:-0.0500613;GSE111016_SSS:-0.149773;GSE226151:-0.0404897	GSE111006_HSS:0.0248171;GSE111010_JSS:0.611194;GSE111016_SSS:0.0229989;GSE226151:0.785554	GSE111006_HSS:0.498292;GSE111010_JSS:0.999436;GSE111016_SSS:0.894611;GSE226151:0.918484
LINC01560	3	GSE111006_HSS,GSE111010_JSS,GSE111016_SSS	case_down	-0.13034209913276143	0.042649867463020914	-3.0560962292737033	0.0022423927526834166	0.48054702992933535	1	0	0	3	1.0	3	3	1.0	GSE111006_HSS:match(heldout=-0.17036,discovery_mean=-0.13118);GSE111010_JSS:match(heldout=-0.14585,discovery_mean=-0.14344);GSE111016_SSS:match(heldout=-0.11652,discovery_mean=-0.1581)	0.25923231642073485	0.0	0.0	False	GSE111006_HSS:-0.170355;GSE111010_JSS:-0.145847;GSE111016_SSS:-0.116522	GSE111006_HSS:0.0882956;GSE111010_JSS:0.263297;GSE111016_SSS:0.0289768	GSE111006_HSS:0.630896;GSE111010_JSS:0.999436;GSE111016_SSS:0.894611
DNPH1	4	GSE111006_HSS,GSE111010_JSS,GSE111016_SSS,GSE226151	case_down	-0.15468850666342615	0.050669375553058074	-3.0528994086663883	0.0022664189734527824	0.48109642960719323	1	0	0	4	1.0	4	4	1.0	GSE111006_HSS:match(heldout=-0.038055,discovery_mean=-0.19209);GSE111010_JSS:match(heldout=-0.05303,discovery_mean=-0.1871);GSE111016_SSS:match(heldout=-0.17689,discovery_mean=-0.14581);GSE226151:match(heldout=-0.34635,discovery_mean=-0.089325)	2.389215042709857	0.0	0.0	False	GSE111006_HSS:-0.0380554;GSE111010_JSS:-0.0530298;GSE111016_SSS:-0.17689;GSE226151:-0.346346	GSE111006_HSS:0.777859;GSE111010_JSS:0.724537;GSE111016_SSS:0.00705883;GSE226151:0.0749284	GSE111006_HSS:0.960811;GSE111010_JSS:0.999436;GSE111016_SSS:0.894611;GSE226151:0.568217
CLEC2L	2	GSE111016_SSS,GSE226151	case_down	-0.17160118749438588	0.05626298985237622	-3.049983442839351	0.0022885398229170735	0.48109642960719323	1	0	0	2	1.0	2	2	1.0	GSE111016_SSS:match(heldout=-0.1607,discovery_mean=-0.24942);GSE226151:match(heldout=-0.24942,discovery_mean=-0.1607)	0.26808723998574163	0.0	0.0	False	GSE111016_SSS:-0.160696;GSE226151:-0.249421	GSE111016_SSS:0.0110661;GSE226151:0.128888	GSE111016_SSS:0.894611;GSE226151:0.592402
CKMT2	4	GSE111006_HSS,GSE111010_JSS,GSE111016_SSS,GSE226151	case_down	-0.3291375334376063	0.10798578420855556	-3.047970951453527	0.0023039219737743836	0.48109642960719323	2	0	0	4	1.0	4	4	1.0	GSE111006_HSS:match(heldout=-0.29039,discovery_mean=-0.34576);GSE111010_JSS:match(heldout=-0.076635,discovery_mean=-0.41701);GSE111016_SSS:match(heldout=-0.40419,discovery_mean=-0.30783);GSE226151:match(heldout=-0.55645,discovery_mean=-0.25707)	5.089081801891629	41.050269640293656	0.019068746020685437	False	GSE111006_HSS:-0.290394;GSE111010_JSS:-0.0766353;GSE111016_SSS:-0.404192;GSE226151:-0.556453	GSE111006_HSS:0.176826;GSE111010_JSS:0.612016;GSE111016_SSS:0.0112008;GSE226151:0.00166305	GSE111006_HSS:0.729973;GSE111010_JSS:0.999436;GSE111016_SSS:0.894611;GSE226151:0.276926
SUMO1P3	3	GSE111006_HSS,GSE111010_JSS,GSE111016_SSS	case_down	-0.11078282241312411	0.036357682770264244	-3.047026487170127	0.002311173432151773	0.48109642960719323	1	0	0	3	1.0	3	3	1.0	GSE111006_HSS:match(heldout=-0.13323,discovery_mean=-0.13297);GSE111010_JSS:match(heldout=-0.17195,discovery_mean=-0.11361);GSE111016_SSS:match(heldout=-0.093992,discovery_mean=-0.15259)	0.591995655773226	0.0	0.0	False	GSE111006_HSS:-0.133231;GSE111010_JSS:-0.171947;GSE111016_SSS:-0.0939921	GSE111006_HSS:0.152349;GSE111010_JSS:0.0983464;GSE111016_SSS:0.0364853	GSE111006_HSS:0.706185;GSE111010_JSS:0.999436;GSE111016_SSS:0.894611
ENY2	4	GSE111006_HSS,GSE111010_JSS,GSE111016_SSS,GSE226151	case_down	-0.07961642520055395	0.02618093103804463	-3.0410081705979026	0.002357874322648193	0.4854241373368415	2	0	0	4	1.0	4	4	1.0	GSE111006_HSS:match(heldout=-0.11841,discovery_mean=-0.068053);GSE111010_JSS:match(heldout=-0.012125,discovery_mean=-0.10348);GSE111016_SSS:match(heldout=-0.058992,discovery_mean=-0.087859);GSE226151:match(heldout=-0.13304,discovery_mean=-0.063176)	3.4733491984030005	13.628033674835807	0.00037676233488919325	False	GSE111006_HSS:-0.118413;GSE111010_JSS:-0.0121246;GSE111016_SSS:-0.058992;GSE226151:-0.133041	GSE111006_HSS:0.018921;GSE111010_JSS:0.822403;GSE111016_SSS:0.166614;GSE226151:0.01951	GSE111006_HSS:0.478434;GSE111010_JSS:0.999436;GSE111016_SSS:0.894611;GSE226151:0.495387
COX17P1	3	GSE111006_HSS,GSE111010_JSS,GSE111016_SSS	case_down	-0.1250148447245629	0.0411645457925006	-3.036954309048595	0.002389816776708153	0.4876193809580172	1	0	0	3	1.0	3	3	1.0	GSE111006_HSS:match(heldout=-0.14778,discovery_mean=-0.12491);GSE111010_JSS:match(heldout=-0.13217,discovery_mean=-0.13272);GSE111016_SSS:match(heldout=-0.11765,discovery_mean=-0.13998)	0.0666824784901267	0.0	0.0	False	GSE111006_HSS:-0.147784;GSE111010_JSS:-0.13217;GSE111016_SSS:-0.117654	GSE111006_HSS:0.208756;GSE111010_JSS:0.13074;GSE111016_SSS:0.0291141	GSE111006_HSS:0.750346;GSE111010_JSS:0.999436;GSE111016_SSS:0.894611
TMEM11	4	GSE111006_HSS,GSE111010_JSS,GSE111016_SSS,GSE226151	case_down	-0.12819335752882807	0.04221947666033573	-3.0363559112816505	0.0023945652698570863	0.4876193809580172	0	0	0	4	1.0	4	4	1.0	GSE111006_HSS:match(heldout=-0.21134,discovery_mean=-0.11947);GSE111010_JSS:match(heldout=-0.10741,discovery_mean=-0.15411);GSE111016_SSS:match(heldout=-0.10666,discovery_mean=-0.15436);GSE226151:match(heldout=-0.14433,discovery_mean=-0.1418)	0.7543852282043078	0.0	0.0	False	GSE111006_HSS:-0.211345;GSE111010_JSS:-0.10741;GSE111016_SSS:-0.10666;GSE226151:-0.144333	GSE111006_HSS:0.0687218;GSE111010_JSS:0.383127;GSE111016_SSS:0.0661495;GSE226151:0.163866	GSE111006_HSS:0.595098;GSE111010_JSS:0.999436;GSE111016_SSS:0.894611;GSE226151:0.613266
GLRX2	4	GSE111006_HSS,GSE111010_JSS,GSE111016_SSS,GSE226151	case_down	-0.17548776034825325	0.057989556713184204	-3.026195927246246	0.0024765177170788942	0.49621733872315016	1	0	0	4	1.0	4	4	1.0	GSE111006_HSS:match(heldout=-0.21283,discovery_mean=-0.13956);GSE111010_JSS:match(heldout=-0.090617,discovery_mean=-0.1803);GSE111016_SSS:match(heldout=-0.18326,discovery_mean=-0.14942);GSE226151:match(heldout=-0.14482,discovery_mean=-0.16224)	0.4116292968401173	0.0	0.0	False	GSE111006_HSS:-0.212832;GSE111010_JSS:-0.0906166;GSE111016_SSS:-0.183258;GSE226151:-0.144816	GSE111006_HSS:0.0679545;GSE111010_JSS:0.592302;GSE111016_SSS:0.0321054;GSE226151:0.402367	GSE111006_HSS:0.594463;GSE111010_JSS:0.999436;GSE111016_SSS:0.894611;GSE226151:0.732246
TMEM147-AS1	3	GSE111006_HSS,GSE111010_JSS,GSE111016_SSS	case_up	0.14602709080053017	0.04836700312496878	3.019146967266735	0.002534875312355454	0.5052087397800346	1	0	3	0	1.0	3	3	1.0	GSE111006_HSS:match(heldout=0.24405,discovery_mean=0.16262);GSE111010_JSS:match(heldout=0.2213,discovery_mean=0.174);GSE111016_SSS:match(heldout=0.10394,discovery_mean=0.23268)	1.6010133464121798	0.0	0.0	False	GSE111006_HSS:0.244051;GSE111010_JSS:0.2213;GSE111016_SSS:0.103939	GSE111006_HSS:0.0402677;GSE111010_JSS:0.0996272;GSE111016_SSS:0.0853926	GSE111006_HSS:0.541293;GSE111010_JSS:0.999436;GSE111016_SSS:0.894611
SLC25A45	4	GSE111006_HSS,GSE111010_JSS,GSE111016_SSS,GSE226151	case_up	0.1622090892827804	0.053823170386294125	3.013740887402024	0.002580480935632361	0.5093122828132339	1	0	4	0	1.0	4	4	1.0	GSE111006_HSS:match(heldout=0.19789,discovery_mean=0.1766);GSE111010_JSS:match(heldout=0.12126,discovery_mean=0.20215);GSE111016_SSS:match(heldout=0.15191,discovery_mean=0.19193);GSE226151:match(heldout=0.25665,discovery_mean=0.15702)	0.4001091906928263	0.0	0.0	False	GSE111006_HSS:0.197887;GSE111010_JSS:0.121259;GSE111016_SSS:0.151909;GSE226151:0.256645	GSE111006_HSS:0.174059;GSE111010_JSS:0.411799;GSE111016_SSS:0.0296871;GSE226151:0.197572	GSE111006_HSS:0.727394;GSE111010_JSS:0.999436;GSE111016_SSS:0.894611;GSE226151:0.625169
SLC6A10P	3	GSE111006_HSS,GSE111010_JSS,GSE111016_SSS	case_down	-0.2832075858385268	0.09426543844614903	-3.0043628980765273	0.0026613767574705975	0.5155452820593839	1	0	0	3	1.0	3	3	1.0	GSE111006_HSS:match(heldout=-0.64539,discovery_mean=-0.2511);GSE111010_JSS:match(heldout=-0.25471,discovery_mean=-0.44644);GSE111016_SSS:match(heldout=-0.2475,discovery_mean=-0.45005)	1.4464348526719049	0.0	0.0	False	GSE111006_HSS:-0.645386;GSE111010_JSS:-0.254712;GSE111016_SSS:-0.247497	GSE111006_HSS:0.050008;GSE111010_JSS:0.652432;GSE111016_SSS:0.0184237	GSE111006_HSS:0.571706;GSE111010_JSS:0.999436;GSE111016_SSS:0.894611
MEF2C-AS1	3	GSE111006_HSS,GSE111010_JSS,GSE111016_SSS	case_down	-0.3525130503144608	0.11733742765558336	-3.0042677546092165	0.0026622092252968415	0.5155452820593839	1	0	0	3	1.0	3	3	1.0	GSE111006_HSS:match(heldout=-0.52578,discovery_mean=-0.256);GSE111010_JSS:match(heldout=-0.12964,discovery_mean=-0.45407);GSE111016_SSS:match(heldout=-0.38237,discovery_mean=-0.32771)	1.064625891991973	0.0	0.0	False	GSE111006_HSS:-0.525783;GSE111010_JSS:-0.129638;GSE111016_SSS:-0.382367	GSE111006_HSS:0.103326;GSE111010_JSS:0.628278;GSE111016_SSS:0.0117874	GSE111006_HSS:0.643493;GSE111010_JSS:0.999436;GSE111016_SSS:0.894611
MRPL1	4	GSE111006_HSS,GSE111010_JSS,GSE111016_SSS,GSE226151	case_down	-0.12098480901312476	0.040273058943309584	-3.0041127291430523	0.002663566146825303	0.5155452820593839	1	0	0	4	1.0	4	4	1.0	GSE111006_HSS:match(heldout=-0.052218,discovery_mean=-0.14357);GSE111010_JSS:match(heldout=-0.062642,discovery_mean=-0.1401);GSE111016_SSS:match(heldout=-0.12269,discovery_mean=-0.12008);GSE226151:match(heldout=-0.24539,discovery_mean=-0.079182)	3.335801268472631	10.06658495055926	0.0006690785099065864	False	GSE111006_HSS:-0.0522179;GSE111010_JSS:-0.0626415;GSE111016_SSS:-0.122687;GSE226151:-0.245394	GSE111006_HSS:0.601877;GSE111010_JSS:0.395309;GSE111016_SSS:0.0556973;GSE226151:0.00593996	GSE111006_HSS:0.923795;GSE111010_JSS:0.999436;GSE111016_SSS:0.894611;GSE226151:0.411035
LRRC39	4	GSE111006_HSS,GSE111010_JSS,GSE111016_SSS,GSE226151	case_down	-0.19289753529525216	0.06433675948452337	-2.998247608999563	0.0027153696184132343	0.5199306851526646	1	0	0	4	1.0	4	4	1.0	GSE111006_HSS:match(heldout=-0.34101,discovery_mean=-0.15715);GSE111010_JSS:match(heldout=-0.10218,discovery_mean=-0.23676);GSE111016_SSS:match(heldout=-0.17187,discovery_mean=-0.21353);GSE226151:match(heldout=-0.1974,discovery_mean=-0.20502)	1.8036195446902836	0.0	0.0	False	GSE111006_HSS:-0.341009;GSE111010_JSS:-0.102177;GSE111016_SSS:-0.171875;GSE226151:-0.197401	GSE111006_HSS:0.017097;GSE111010_JSS:0.413268;GSE111016_SSS:0.089689;GSE226151:0.42287	GSE111006_HSS:0.462727;GSE111010_JSS:0.999436;GSE111016_SSS:0.894611;GSE226151:0.745844
RFT1	4	GSE111006_HSS,GSE111010_JSS,GSE111016_SSS,GSE226151	case_up	0.13005543307592257	0.04343804001432181	2.9940446906223768	0.0027530561605294828	0.5236256917709603	1	0	4	0	1.0	4	4	1.0	GSE111006_HSS:match(heldout=0.20691,discovery_mean=0.12482);GSE111010_JSS:match(heldout=0.080833,discovery_mean=0.16685);GSE111016_SSS:match(heldout=0.08505,discovery_mean=0.16544);GSE226151:match(heldout=0.20858,discovery_mean=0.12427)	1.887883056182059	0.0	0.0	False	GSE111006_HSS:0.206913;GSE111010_JSS:0.0808334;GSE111016_SSS:0.0850502;GSE226151:0.208579	GSE111006_HSS:0.0177183;GSE111010_JSS:0.468955;GSE111016_SSS:0.188055;GSE226151:0.148004	GSE111006_HSS:0.46528;GSE111010_JSS:0.999436;GSE111016_SSS:0.894611;GSE226151:0.604246
KDSR	4	GSE111006_HSS,GSE111010_JSS,GSE111016_SSS,GSE226151	case_up	0.10229664359867527	0.03426035600419359	2.9858604967839155	0.0028278161276158145	0.5282661275818363	0	0	4	0	1.0	4	4	1.0	GSE111006_HSS:match(heldout=0.12233,discovery_mean=0.11041);GSE111010_JSS:match(heldout=0.10466,discovery_mean=0.11629);GSE111016_SSS:match(heldout=0.072763,discovery_mean=0.12693);GSE226151:match(heldout=0.15379,discovery_mean=0.099918)	0.4533566573780378	0.0	0.0	False	GSE111006_HSS:0.122327;GSE111010_JSS:0.104665;GSE111016_SSS:0.0727627;GSE226151:0.153788	GSE111006_HSS:0.0988386;GSE111010_JSS:0.0664219;GSE111016_SSS:0.250568;GSE226151:0.256587	GSE111006_HSS:0.640384;GSE111010_JSS:0.999436;GSE111016_SSS:0.903076;GSE226151:0.657822
TXN2	4	GSE111006_HSS,GSE111010_JSS,GSE111016_SSS,GSE226151	case_down	-0.14327464822611521	0.04800802291454324	-2.9843896817236466	0.0028414464302645662	0.5282661275818363	2	0	0	4	1.0	4	4	1.0	GSE111006_HSS:match(heldout=-0.085258,discovery_mean=-0.15893);GSE111010_JSS:match(heldout=-0.064899,discovery_mean=-0.16571);GSE111016_SSS:match(heldout=-0.14142,discovery_mean=-0.14021);GSE226151:match(heldout=-0.27046,discovery_mean=-0.097191)	1.6901166423292135	0.0	0.0	False	GSE111006_HSS:-0.0852583;GSE111010_JSS:-0.0648989;GSE111016_SSS:-0.141417;GSE226151:-0.270464	GSE111006_HSS:0.478047;GSE111010_JSS:0.638789;GSE111016_SSS:0.0349407;GSE226151:0.0307121	GSE111006_HSS:0.882201;GSE111010_JSS:0.999436;GSE111016_SSS:0.894611;GSE226151:0.527518
ZCRB1	4	GSE111006_HSS,GSE111010_JSS,GSE111016_SSS,GSE226151	case_down	-0.11002798535573043	0.036928211343020885	-2.9795102810070104	0.0028870954127839118	0.5282661275818363	1	0	0	4	1.0	4	4	1.0	GSE111006_HSS:match(heldout=-0.1942,discovery_mean=-0.095371);GSE111010_JSS:match(heldout=-0.076035,discovery_mean=-0.13476);GSE111016_SSS:match(heldout=-0.076148,discovery_mean=-0.13472);GSE226151:match(heldout=-0.13393,discovery_mean=-0.11546)	1.619638287953696	0.0	0.0	False	GSE111006_HSS:-0.194204;GSE111010_JSS:-0.0760348;GSE111016_SSS:-0.0761482;GSE226151:-0.133931	GSE111006_HSS:0.026906;GSE111010_JSS:0.486662;GSE111016_SSS:0.153291;GSE226151:0.127391	GSE111006_HSS:0.507776;GSE111010_JSS:0.999436;GSE111016_SSS:0.894611;GSE226151:0.591765
ECSIT	4	GSE111006_HSS,GSE111010_JSS,GSE111016_SSS,GSE226151	case_down	-0.18108353044661585	0.06078308596358331	-2.9791763214376377	0.002890244099236074	0.5282661275818363	1	0	0	4	1.0	4	4	1.0	GSE111006_HSS:match(heldout=-0.088135,discovery_mean=-0.19626);GSE111010_JSS:match(heldout=-0.077983,discovery_mean=-0.19964);GSE111016_SSS:match(heldout=-0.1702,discovery_mean=-0.1689);GSE226151:match(heldout=-0.34059,discovery_mean=-0.11211)	2.162027212527125	0.0	0.0	False	GSE111006_HSS:-0.0881349;GSE111010_JSS:-0.0779831;GSE111016_SSS:-0.1702;GSE226151:-0.340594	GSE111006_HSS:0.521977;GSE111010_JSS:0.70878;GSE111016_SSS:0.0538836;GSE226151:0.0151256	GSE111006_HSS:0.8986;GSE111010_JSS:0.999436;GSE111016_SSS:0.894611;GSE226151:0.48823
NTN5	2	GSE111016_SSS,GSE226151	case_up	0.05069845196899133	0.017037719871071926	2.975659439915515	0.0029235933073452004	0.5303617330613712	1	0	2	0	1.0	2	2	1.0	GSE111016_SSS:match(heldout=0.047849,discovery_mean=0.081926);GSE226151:match(heldout=0.081926,discovery_mean=0.047849)	0.3065839138014541	0.0	0.0	False	GSE111016_SSS:0.0478485;GSE226151:0.081926	GSE111016_SSS:0.0106996;GSE226151:0.172892	GSE111016_SSS:0.894611;GSE226151:0.616986
PTPRS	4	GSE111006_HSS,GSE111010_JSS,GSE111016_SSS,GSE226151	case_up	0.247838494983073	0.08334887598533085	2.9735073455182746	0.002944173596219948	0.5303617330613712	0	0	4	0	1.0	4	4	1.0	GSE111006_HSS:match(heldout=0.27585,discovery_mean=0.27837);GSE111010_JSS:match(heldout=0.24281,discovery_mean=0.28939);GSE111016_SSS:match(heldout=0.18667,discovery_mean=0.3081);GSE226151:match(heldout=0.40564,discovery_mean=0.23511)	0.833117109348021	0.0	0.0	False	GSE111006_HSS:0.275848;GSE111010_JSS:0.242805;GSE111016_SSS:0.186671;GSE226151:0.405644	GSE111006_HSS:0.131225;GSE111010_JSS:0.282214;GSE111016_SSS:0.128069;GSE226151:0.0651824	GSE111006_HSS:0.684187;GSE111010_JSS:0.999436;GSE111016_SSS:0.894611;GSE226151:0.561229
ZNF271P	3	GSE111006_HSS,GSE111010_JSS,GSE111016_SSS	case_down	-0.09052917054962423	0.030516454107702328	-2.966569124647242	0.003011426583489169	0.5326919621852272	1	0	0	3	1.0	3	3	1.0	GSE111006_HSS:match(heldout=-0.13884,discovery_mean=-0.05758);GSE111010_JSS:match(heldout=-0.032041,discovery_mean=-0.11098);GSE111016_SSS:match(heldout=-0.083119,discovery_mean=-0.08544)	1.5237390485447873	0.0	0.0	False	GSE111006_HSS:-0.138839;GSE111010_JSS:-0.0320409;GSE111016_SSS:-0.0831194	GSE111006_HSS:0.0167649;GSE111010_JSS:0.648323;GSE111016_SSS:0.0632735	GSE111006_HSS:0.462727;GSE111010_JSS:0.999436;GSE111016_SSS:0.894611
NUDT8	4	GSE111006_HSS,GSE111010_JSS,GSE111016_SSS,GSE226151	case_down	-0.1815584650049187	0.061206865451967934	-2.9663088227806185	0.0030139767803589144	0.5326919621852272	1	0	0	4	1.0	4	4	1.0	GSE111006_HSS:match(heldout=-0.14671,discovery_mean=-0.19106);GSE111010_JSS:match(heldout=-0.095926,discovery_mean=-0.20799);GSE111016_SSS:match(heldout=-0.17978,discovery_mean=-0.18004);GSE226151:match(heldout=-0.29748,discovery_mean=-0.14081)	0.7426782635974727	0.0	0.0	False	GSE111006_HSS:-0.146713;GSE111010_JSS:-0.0959264;GSE111016_SSS:-0.179783;GSE226151:-0.297478	GSE111006_HSS:0.246074;GSE111010_JSS:0.661368;GSE111016_SSS:0.0383576;GSE226151:0.0763378	GSE111006_HSS:0.777619;GSE111010_JSS:0.999436;GSE111016_SSS:0.894611;GSE226151:0.568782
PCNT	4	GSE111006_HSS,GSE111010_JSS,GSE111016_SSS,GSE226151	case_up	0.18536026444456383	0.06265850254994197	2.9582619580929563	0.003093790871698786	0.5335677742723649	1	0	4	0	1.0	4	4	1.0	GSE111006_HSS:match(heldout=0.32822,discovery_mean=0.096228);GSE111010_JSS:match(heldout=0.096659,discovery_mean=0.17342);GSE111016_SSS:match(heldout=0.12493,discovery_mean=0.16399);GSE226151:match(heldout=0.067093,discovery_mean=0.18327)	2.872281590205844	0.0	0.0	False	GSE111006_HSS:0.328224;GSE111010_JSS:0.0966595;GSE111016_SSS:0.124932;GSE226151:0.0670929	GSE111006_HSS:0.00430468;GSE111010_JSS:0.536444;GSE111016_SSS:0.226146;GSE226151:0.733146	GSE111006_HSS:0.408271;GSE111010_JSS:0.999436;GSE111016_SSS:0.895716;GSE226151:0.893061
NPIPP1	3	GSE111006_HSS,GSE111010_JSS,GSE111016_SSS	case_up	0.19057409412767548	0.06447679156574959	2.955700640490763	0.0031195971718836917	0.5335677742723649	1	0	3	0	1.0	3	3	1.0	GSE111006_HSS:match(heldout=0.23773,discovery_mean=0.11711);GSE111010_JSS:match(heldout=0.037265,discovery_mean=0.21734);GSE111016_SSS:match(heldout=0.19695,discovery_mean=0.1375)	0.548879319985329	0.0	0.0	False	GSE111006_HSS:0.237734;GSE111010_JSS:0.0372652;GSE111016_SSS:0.196952	GSE111006_HSS:0.151631;GSE111010_JSS:0.871252;GSE111016_SSS:0.0114088	GSE111006_HSS:0.706185;GSE111010_JSS:0.999436;GSE111016_SSS:0.894611
NDUFB4	4	GSE111006_HSS,GSE111010_JSS,GSE111016_SSS,GSE226151	case_down	-0.18960654340646438	0.06418452559712245	-2.9540849861008383	0.0031359763199719174	0.5335677742723649	2	0	0	4	1.0	4	4	1.0	GSE111006_HSS:match(heldout=-0.05303,discovery_mean=-0.20428);GSE111010_JSS:match(heldout=-0.082568,discovery_mean=-0.19443);GSE111016_SSS:match(heldout=-0.19592,discovery_mean=-0.15665);GSE226151:match(heldout=-0.33436,discovery_mean=-0.1105)	5.686768342908843	47.24596081461853	0.007604614378460111	False	GSE111006_HSS:-0.0530304;GSE111010_JSS:-0.0825682;GSE111016_SSS:-0.195916;GSE226151:-0.334356	GSE111006_HSS:0.614773;GSE111010_JSS:0.57163;GSE111016_SSS:0.00871425;GSE226151:0.000110974	GSE111006_HSS:0.926238;GSE111010_JSS:0.999436;GSE111016_SSS:0.894611;GSE226151:0.13308
CYP21A2	2	GSE111016_SSS,GSE226151	case_up	0.006245132146372323	0.0021142879434443095	2.9537756036193468	0.003139121700572021	0.5335677742723649	1	0	2	0	1.0	2	2	1.0	GSE111016_SSS:match(heldout=0.0062022,discovery_mean=0.040678);GSE226151:match(heldout=0.040678,discovery_mean=0.0062022)	0.33049755903751316	0.0	0.0	False	GSE111016_SSS:0.00620223;GSE226151:0.0406775	GSE111016_SSS:0.00575219;GSE226151:0.501645	GSE111016_SSS:0.894611;GSE226151:0.78308
KAT2A	4	GSE111006_HSS,GSE111010_JSS,GSE111016_SSS,GSE226151	case_up	0.12538990979547499	0.04260234382936083	2.943263175794059	0.003247722005658207	0.5335677742723649	1	0	4	0	1.0	4	4	1.0	GSE111006_HSS:match(heldout=0.17814,discovery_mean=0.078591);GSE111010_JSS:match(heldout=0.10236,discovery_mean=0.10385);GSE111016_SSS:match(heldout=0.1141,discovery_mean=0.099937);GSE226151:match(heldout=0.019308,discovery_mean=0.13154)	1.114223091500429	0.0	0.0	False	GSE111006_HSS:0.178139;GSE111010_JSS:0.102364;GSE111016_SSS:0.114102;GSE226151:0.0193082	GSE111006_HSS:0.0240773;GSE111010_JSS:0.507688;GSE111016_SSS:0.0643093;GSE226151:0.89254	GSE111006_HSS:0.494959;GSE111010_JSS:0.999436;GSE111016_SSS:0.894611;GSE226151:0.961608
TRDMT1	4	GSE111006_HSS,GSE111010_JSS,GSE111016_SSS,GSE226151	case_up	0.12615814831876346	0.04288039142936629	2.9420941393824376	0.0032600080664556877	0.5335677742723649	1	0	4	0	1.0	4	4	1.0	GSE111006_HSS:match(heldout=0.23894,discovery_mean=0.14266);GSE111010_JSS:match(heldout=0.059611,discovery_mean=0.20243);GSE111016_SSS:match(heldout=0.096818,discovery_mean=0.19003);GSE226151:match(heldout=0.27154,discovery_mean=0.13179)	2.3834801890143384	0.0	0.0	False	GSE111006_HSS:0.238942;GSE111010_JSS:0.0596113;GSE111016_SSS:0.0968177;GSE226151:0.271538	GSE111006_HSS:0.0954837;GSE111010_JSS:0.714885;GSE111016_SSS:0.0617434;GSE226151:0.0472463	GSE111006_HSS:0.638869;GSE111010_JSS:0.999436;GSE111016_SSS:0.894611;GSE226151:0.558041
FOXP4	4	GSE111006_HSS,GSE111010_JSS,GSE111016_SSS,GSE226151	case_up	0.1569191199023006	0.05339143668689463	2.939031605808384	0.0032923949803688223	0.5335677742723649	1	0	4	0	1.0	4	4	1.0	GSE111006_HSS:match(heldout=0.23676,discovery_mean=0.10528);GSE111010_JSS:match(heldout=0.017835,discovery_mean=0.17826);GSE111016_SSS:match(heldout=0.10359,discovery_mean=0.14967);GSE226151:match(heldout=0.19443,discovery_mean=0.11939)	1.7465632859848934	0.0	0.0	False	GSE111006_HSS:0.23676;GSE111010_JSS:0.0178351;GSE111016_SSS:0.103588;GSE226151:0.194428	GSE111006_HSS:0.0539764;GSE111010_JSS:0.908915;GSE111016_SSS:0.315873;GSE226151:0.0271776	GSE111006_HSS:0.571706;GSE111010_JSS:0.999436;GSE111016_SSS:0.908485;GSE226151:0.519874
PGAP1	4	GSE111006_HSS,GSE111010_JSS,GSE111016_SSS,GSE226151	case_up	0.11689539458066653	0.039924081061525285	2.9279420207699722	0.0034121366701685193	0.5435962413531629	1	0	4	0	1.0	4	4	1.0	GSE111006_HSS:match(heldout=0.024731,discovery_mean=0.15087);GSE111010_JSS:match(heldout=0.095512,discovery_mean=0.12728);GSE111016_SSS:match(heldout=0.12071,discovery_mean=0.11888);GSE226151:match(heldout=0.23638,discovery_mean=0.080319)	1.0220602429415564	0.0	0.0	False	GSE111006_HSS:0.0247306;GSE111010_JSS:0.0955124;GSE111016_SSS:0.120715;GSE226151:0.236385	GSE111006_HSS:0.853699;GSE111010_JSS:0.530511;GSE111016_SSS:0.0111316;GSE226151:0.16481	GSE111006_HSS:0.974276;GSE111010_JSS:0.999436;GSE111016_SSS:0.894611;GSE226151:0.613266
NOXA1	4	GSE111006_HSS,GSE111010_JSS,GSE111016_SSS,GSE226151	case_up	0.30488570791558645	0.10420344186239623	2.9258698414031	0.003434946167596749	0.5435962413531629	1	0	4	0	1.0	4	4	1.0	GSE111006_HSS:match(heldout=0.59842,discovery_mean=0.20613);GSE111010_JSS:match(heldout=0.17342,discovery_mean=0.3478);GSE111016_SSS:match(heldout=0.26943,discovery_mean=0.31579);GSE226151:match(heldout=0.17553,discovery_mean=0.34709)	1.7933306277832743	0.0	0.0	False	GSE111006_HSS:0.598422;GSE111010_JSS:0.17342;GSE111016_SSS:0.26943;GSE226151:0.175533	GSE111006_HSS:0.0237523;GSE111010_JSS:0.516126;GSE111016_SSS:0.05194;GSE226151:0.667375	GSE111006_HSS:0.494959;GSE111010_JSS:0.999436;GSE111016_SSS:0.894611;GSE226151:0.863739
CACYBPP2	3	GSE111006_HSS,GSE111010_JSS,GSE111016_SSS	case_down	-0.13813582922985035	0.047236375727968544	-2.9243528340397305	0.00345173251726043	0.5435962413531629	1	0	0	3	1.0	3	3	1.0	GSE111006_HSS:match(heldout=-0.26863,discovery_mean=-0.12306);GSE111010_JSS:match(heldout=-0.15039,discovery_mean=-0.18219);GSE111016_SSS:match(heldout=-0.095737,discovery_mean=-0.20951)	1.9149351157632226	0.0	0.0	False	GSE111006_HSS:-0.268635;GSE111010_JSS:-0.150391;GSE111016_SSS:-0.095737	GSE111006_HSS:0.0211942;GSE111010_JSS:0.17508;GSE111016_SSS:0.118619	GSE111006_HSS:0.486155;GSE111010_JSS:0.999436;GSE111016_SSS:0.894611
HSPA8	4	GSE111006_HSS,GSE111010_JSS,GSE111016_SSS,GSE226151	case_down	-0.12673602087655966	0.04333967410340717	-2.924249512679105	0.003452878524701827	0.5435962413531629	2	0	0	4	1.0	4	4	1.0	GSE111006_HSS:match(heldout=-0.25604,discovery_mean=-0.092381);GSE111010_JSS:match(heldout=-0.12001,discovery_mean=-0.13772);GSE111016_SSS:match(heldout=-0.11856,discovery_mean=-0.13821);GSE226151:match(heldout=-0.038577,discovery_mean=-0.16487)	2.3373733530366083	0.0	0.0	False	GSE111006_HSS:-0.256036;GSE111010_JSS:-0.120007;GSE111016_SSS:-0.11856;GSE226151:-0.0385769	GSE111006_HSS:0.0210228;GSE111010_JSS:0.42175;GSE111016_SSS:0.0499212;GSE226151:0.698346	GSE111006_HSS:0.486155;GSE111010_JSS:0.999436;GSE111016_SSS:0.894611;GSE226151:0.879066
ATP5F1B	4	GSE111006_HSS,GSE111010_JSS,GSE111016_SSS,GSE226151	case_down	-0.22135493998788758	0.07577129073809621	-2.9213563320836364	0.0034851097123570467	0.5438485701744604	2	0	0	4	1.0	4	4	1.0	GSE111006_HSS:match(heldout=-0.1196,discovery_mean=-0.20826);GSE111010_JSS:match(heldout=-0.01127,discovery_mean=-0.24437);GSE111016_SSS:match(heldout=-0.2297,discovery_mean=-0.17156);GSE226151:match(heldout=-0.3838,discovery_mean=-0.12019)	4.876762748343744	38.48378207410508	0.008756970860382029	False	GSE111006_HSS:-0.119598;GSE111010_JSS:-0.0112698;GSE111016_SSS:-0.229701;GSE226151:-0.383802	GSE111006_HSS:0.34859;GSE111010_JSS:0.949357;GSE111016_SSS:0.0297464;GSE226151:0.000303684	GSE111006_HSS:0.830238;GSE111010_JSS:0.999436;GSE111016_SSS:0.894611;GSE226151:0.176215
TMEM147	4	GSE111006_HSS,GSE111010_JSS,GSE111016_SSS,GSE226151	case_down	-0.10379743793747805	0.03554517561149662	-2.920155440276011	0.0034985683534382753	0.5438485701744604	1	0	0	4	1.0	4	4	1.0	GSE111006_HSS:match(heldout=-0.1243,discovery_mean=-0.13056);GSE111010_JSS:match(heldout=-0.06288,discovery_mean=-0.15103);GSE111016_SSS:match(heldout=-0.09815,discovery_mean=-0.13927);GSE226151:match(heldout=-0.23064,discovery_mean=-0.095109)	0.6554515262825984	0.0	0.0	False	GSE111006_HSS:-0.124296;GSE111010_JSS:-0.0628804;GSE111016_SSS:-0.0981495;GSE226151:-0.230636	GSE111006_HSS:0.227049;GSE111010_JSS:0.627908;GSE111016_SSS:0.0212309;GSE226151:0.210209	GSE111006_HSS:0.765503;GSE111010_JSS:0.999436;GSE111016_SSS:0.894611;GSE226151:0.63495
RBM33	4	GSE111006_HSS,GSE111010_JSS,GSE111016_SSS,GSE226151	case_up	0.11866146777727893	0.04074038670439577	2.9126249742856687	0.003584047518596411	0.5438485701744604	1	0	4	0	1.0	4	4	1.0	GSE111006_HSS:match(heldout=0.033953,discovery_mean=0.12713);GSE111010_JSS:match(heldout=0.029685,discovery_mean=0.12856);GSE111016_SSS:match(heldout=0.16847,discovery_mean=0.082293);GSE226151:match(heldout=0.18324,discovery_mean=0.077371)	2.671526110838045	0.0	0.0	False	GSE111006_HSS:0.0339527;GSE111010_JSS:0.0296848;GSE111016_SSS:0.168474;GSE226151:0.18324	GSE111006_HSS:0.66005;GSE111010_JSS:0.828205;GSE111016_SSS:0.00397936;GSE226151:0.232576	GSE111006_HSS:0.939322;GSE111010_JSS:0.999436;GSE111016_SSS:0.894611;GSE226151:0.647942
USP6	4	GSE111006_HSS,GSE111010_JSS,GSE111016_SSS,GSE226151	case_up	0.32156096881869684	0.11050480085818797	2.909927589764716	0.003615125016122124	0.5438485701744604	1	0	4	0	1.0	4	4	1.0	GSE111006_HSS:match(heldout=0.37262,discovery_mean=0.35983);GSE111010_JSS:match(heldout=0.34555,discovery_mean=0.36885);GSE111016_SSS:match(heldout=0.29372,discovery_mean=0.38613);GSE226151:match(heldout=0.4402,discovery_mean=0.3373)	0.1489878530276706	0.0	0.0	False	GSE111006_HSS:0.372622;GSE111010_JSS:0.345551;GSE111016_SSS:0.293723;GSE226151:0.440204	GSE111006_HSS:0.16923;GSE111010_JSS:0.306988;GSE111016_SSS:0.0378277;GSE226151:0.351601	GSE111006_HSS:0.721818;GSE111010_JSS:0.999436;GSE111016_SSS:0.894611;GSE226151:0.708029
TUBGCP3	4	GSE111006_HSS,GSE111010_JSS,GSE111016_SSS,GSE226151	case_up	0.12023773900881532	0.04133216003397392	2.909060134045333	0.003625171232479456	0.5438485701744604	3	0	4	0	1.0	4	4	1.0	GSE111006_HSS:match(heldout=0.1288,discovery_mean=0.15186);GSE111010_JSS:match(heldout=0.01099,discovery_mean=0.19113);GSE111016_SSS:match(heldout=0.10398,discovery_mean=0.16013);GSE226151:match(heldout=0.3406,discovery_mean=0.081256)	3.7066777347333657	19.064989872506395	0.0013857133099438664	False	GSE111006_HSS:0.1288;GSE111010_JSS:0.0109904;GSE111016_SSS:0.103976;GSE226151:0.340603	GSE111006_HSS:0.0464633;GSE111010_JSS:0.921005;GSE111016_SSS:0.0376676;GSE226151:0.0177784	GSE111006_HSS:0.560258;GSE111010_JSS:0.999436;GSE111016_SSS:0.894611;GSE226151:0.495387
IPO8P1	3	GSE111006_HSS,GSE111010_JSS,GSE111016_SSS	case_down	-0.12472068644470313	0.04294448203710085	-2.9042307772382423	0.0036815667994080565	0.5438485701744604	1	0	0	3	1.0	3	3	1.0	GSE111006_HSS:match(heldout=-0.094167,discovery_mean=-0.11963);GSE111010_JSS:match(heldout=-0.10574,discovery_mean=-0.11384);GSE111016_SSS:match(heldout=-0.13352,discovery_mean=-0.099952)	0.12815331769320665	0.0	0.0	False	GSE111006_HSS:-0.0941674;GSE111010_JSS:-0.105737;GSE111016_SSS:-0.133521	GSE111006_HSS:0.399322;GSE111010_JSS:0.442726;GSE111016_SSS:0.0107484	GSE111006_HSS:0.854264;GSE111010_JSS:0.999436;GSE111016_SSS:0.894611
ZKSCAN8P1	3	GSE111006_HSS,GSE111010_JSS,GSE111016_SSS	case_up	0.23524941071563726	0.08100455793085042	2.9041502938199852	0.003682513377784519	0.5438485701744604	1	0	3	0	1.0	3	3	1.0	GSE111006_HSS:match(heldout=0.32983,discovery_mean=0.12833);GSE111010_JSS:match(heldout=0.014504,discovery_mean=0.28599);GSE111016_SSS:match(heldout=0.24216,discovery_mean=0.17217)	0.648142168289038	0.0	0.0	False	GSE111006_HSS:0.32983;GSE111010_JSS:0.0145036;GSE111016_SSS:0.242155	GSE111006_HSS:0.210982;GSE111010_JSS:0.963131;GSE111016_SSS:0.0096806	GSE111006_HSS:0.752193;GSE111010_JSS:0.999436;GSE111016_SSS:0.894611
NBPF15	4	GSE111006_HSS,GSE111010_JSS,GSE111016_SSS,GSE226151	case_up	0.21140536474329935	0.07283303565395653	2.9026026835916334	0.0037007581594533582	0.5438485701744604	1	0	4	0	1.0	4	4	1.0	GSE111006_HSS:match(heldout=0.22484,discovery_mean=0.23514);GSE111010_JSS:match(heldout=0.10516,discovery_mean=0.27503);GSE111016_SSS:match(heldout=0.16762,discovery_mean=0.25421);GSE226151:match(heldout=0.43264,discovery_mean=0.16588)	1.8084334238006181	0.0	0.0	False	GSE111006_HSS:0.224843;GSE111010_JSS:0.105162;GSE111016_SSS:0.167621;GSE226151:0.432637	GSE111006_HSS:0.134218;GSE111010_JSS:0.594678;GSE111016_SSS:0.124612;GSE226151:0.0301122	GSE111006_HSS:0.687346;GSE111010_JSS:0.999436;GSE111016_SSS:0.894611;GSE226151:0.527499
SUMO1	4	GSE111006_HSS,GSE111010_JSS,GSE111016_SSS,GSE226151	case_down	-0.09404683380726138	0.03242630681587573	-2.9003251693534398	0.003727757263261938	0.5438485701744604	2	0	0	4	1.0	4	4	1.0	GSE111006_HSS:match(heldout=-0.1597,discovery_mean=-0.08347);GSE111010_JSS:match(heldout=-0.15946,discovery_mean=-0.08355);GSE111016_SSS:match(heldout=-0.090827,discovery_mean=-0.10643);GSE226151:match(heldout=-0.00012637,discovery_mean=-0.13666)	3.856870677982635	22.216733448548702	0.000982858477779148	False	GSE111006_HSS:-0.159695;GSE111010_JSS:-0.159458;GSE111016_SSS:-0.0908268;GSE226151:-0.000126375	GSE111006_HSS:0.0286124;GSE111010_JSS:0.0545996;GSE111016_SSS:0.0172607;GSE226151:0.998399	GSE111006_HSS:0.509161;GSE111010_JSS:0.999436;GSE111016_SSS:0.894611;GSE226151:0.999387
ARHGAP33	4	GSE111006_HSS,GSE111010_JSS,GSE111016_SSS,GSE226151	case_up	0.1524298745830456	0.05255994368123159	2.9001148765971023	0.003730259215213545	0.5438485701744604	1	0	4	0	1.0	4	4	1.0	GSE111006_HSS:match(heldout=0.12871,discovery_mean=0.10506);GSE111010_JSS:match(heldout=0.0054402,discovery_mean=0.14615);GSE111016_SSS:match(heldout=0.17074,discovery_mean=0.091048);GSE226151:match(heldout=0.13899,discovery_mean=0.10163)	0.5875103624750898	0.0	0.0	False	GSE111006_HSS:0.128713;GSE111010_JSS:0.00544022;GSE111016_SSS:0.170742;GSE226151:0.13899	GSE111006_HSS:0.467726;GSE111010_JSS:0.979924;GSE111016_SSS:0.00958584;GSE226151:0.326168	GSE111006_HSS:0.879359;GSE111010_JSS:0.999436;GSE111016_SSS:0.894611;GSE226151:0.693594
NKG7	3	GSE111006_HSS,GSE111016_SSS,GSE226151	case_down	-0.16573931733801184	0.05718430778552869	-2.8983356406030425	0.003751488793435485	0.5439241225210717	1	0	0	3	1.0	3	3	1.0	GSE111006_HSS:match(heldout=-0.10598,discovery_mean=-0.10119);GSE111016_SSS:match(heldout=-0.1783,discovery_mean=-0.065039);GSE226151:match(heldout=-0.024092,discovery_mean=-0.14214)	0.5149115995277763	0.0	0.0	False	GSE111006_HSS:-0.105985;GSE111016_SSS:-0.178297;GSE226151:-0.0240924	GSE111006_HSS:0.816113;GSE111016_SSS:0.00514428;GSE226151:0.909443	GSE111006_HSS:0.968734;GSE111016_SSS:0.894611;GSE226151:0.967204
NUDT9	4	GSE111006_HSS,GSE111010_JSS,GSE111016_SSS,GSE226151	case_down	-0.09178285628478032	0.03171222107686565	-2.894242445595737	0.0038007457109091136	0.5439241225210717	1	0	0	4	1.0	4	4	1.0	GSE111006_HSS:match(heldout=-0.13681,discovery_mean=-0.081551);GSE111010_JSS:match(heldout=-0.03678,discovery_mean=-0.1149);GSE111016_SSS:match(heldout=-0.10338,discovery_mean=-0.092696);GSE226151:match(heldout=-0.10449,discovery_mean=-0.092324)	1.1432740233098546	0.0	0.0	False	GSE111006_HSS:-0.136814;GSE111010_JSS:-0.0367802;GSE111016_SSS:-0.103379;GSE226151:-0.104494	GSE111006_HSS:0.106163;GSE111010_JSS:0.567047;GSE111016_SSS:0.0377805;GSE226151:0.193175	GSE111006_HSS:0.648146;GSE111010_JSS:0.999436;GSE111016_SSS:0.894611;GSE226151:0.6237
NLGN2	4	GSE111006_HSS,GSE111010_JSS,GSE111016_SSS,GSE226151	case_up	0.20658903286173375	0.07147351242850938	2.8904278779970722	0.003847177965687724	0.5439241225210717	1	0	4	0	1.0	4	4	1.0	GSE111006_HSS:match(heldout=0.3173,discovery_mean=0.16505);GSE111010_JSS:match(heldout=0.057936,discovery_mean=0.25151);GSE111016_SSS:match(heldout=0.1634,discovery_mean=0.21635);GSE226151:match(heldout=0.27382,discovery_mean=0.17955)	1.382076661247155	0.0	0.0	False	GSE111006_HSS:0.317302;GSE111010_JSS:0.0579356;GSE111016_SSS:0.163402;GSE226151:0.273815	GSE111006_HSS:0.0446685;GSE111010_JSS:0.784523;GSE111016_SSS:0.126202;GSE226151:0.102482	GSE111006_HSS:0.553431;GSE111010_JSS:0.999436;GSE111016_SSS:0.894611;GSE226151:0.581767
AURKAIP1	4	GSE111006_HSS,GSE111010_JSS,GSE111016_SSS,GSE226151	case_down	-0.12407795332869859	0.04303589641282929	-2.883126963092841	0.003937487039943695	0.5439241225210717	1	0	0	4	1.0	4	4	1.0	GSE111006_HSS:match(heldout=-0.055564,discovery_mean=-0.22444);GSE111010_JSS:match(heldout=-0.17583,discovery_mean=-0.18435);GSE111016_SSS:match(heldout=-0.13255,discovery_mean=-0.19877);GSE226151:match(heldout=-0.36493,discovery_mean=-0.12131)	2.1202192166094314	0.0	0.0	False	GSE111006_HSS:-0.0555644;GSE111010_JSS:-0.175827;GSE111016_SSS:-0.13255;GSE226151:-0.36493	GSE111006_HSS:0.503937;GSE111010_JSS:0.291408;GSE111016_SSS:0.0209229;GSE226151:0.0928313	GSE111006_HSS:0.891227;GSE111010_JSS:0.999436;GSE111016_SSS:0.894611;GSE226151:0.580452
HIGD1B	4	GSE111006_HSS,GSE111010_JSS,GSE111016_SSS,GSE226151	case_down	-0.15997825305648358	0.05556896877710045	-2.87891347594	0.003990477991895849	0.5439241225210717	2	0	0	4	1.0	4	4	1.0	GSE111006_HSS:match(heldout=-0.045218,discovery_mean=-0.1828);GSE111010_JSS:match(heldout=-0.03523,discovery_mean=-0.18613);GSE111016_SSS:match(heldout=-0.15911,discovery_mean=-0.14483);GSE226151:match(heldout=-0.35405,discovery_mean=-0.079851)	1.988571425715557	0.0	0.0	False	GSE111006_HSS:-0.0452185;GSE111010_JSS:-0.0352295;GSE111016_SSS:-0.159105;GSE226151:-0.354054	GSE111006_HSS:0.845025;GSE111010_JSS:0.844003;GSE111016_SSS:0.018497;GSE226151:0.0496793	GSE111006_HSS:0.97278;GSE111010_JSS:0.999436;GSE111016_SSS:0.894611;GSE226151:0.558041
DUSP13B	3	GSE111006_HSS,GSE111010_JSS,GSE111016_SSS	case_down	-0.11516390567341102	0.04003532222949823	-2.8765574812473385	0.004020389637243644	0.5439241225210717	1	0	0	3	1.0	3	3	1.0	GSE111006_HSS:match(heldout=-0.18965,discovery_mean=-0.074695);GSE111010_JSS:match(heldout=-0.036351,discovery_mean=-0.15134);GSE111016_SSS:match(heldout=-0.11304,discovery_mean=-0.113)	0.7932634110028236	0.0	0.0	False	GSE111006_HSS:-0.18965;GSE111010_JSS:-0.0363512;GSE111016_SSS:-0.113038	GSE111006_HSS:0.108066;GSE111010_JSS:0.782813;GSE111016_SSS:0.0170592	GSE111006_HSS:0.653455;GSE111010_JSS:0.999436;GSE111016_SSS:0.894611
ZNF646	4	GSE111006_HSS,GSE111010_JSS,GSE111016_SSS,GSE226151	case_up	0.10922708795767712	0.03797548513181429	2.876252602923858	0.004024275202421091	0.5439241225210717	2	0	4	0	1.0	4	4	1.0	GSE111006_HSS:match(heldout=0.11859,discovery_mean=0.12509);GSE111010_JSS:match(heldout=0.047393,discovery_mean=0.14882);GSE111016_SSS:match(heldout=0.062421,discovery_mean=0.14381);GSE226151:match(heldout=0.26545,discovery_mean=0.076136)	3.151898060090482	4.819256752425599	0.0003029536058946674	False	GSE111006_HSS:0.118593;GSE111010_JSS:0.0473933;GSE111016_SSS:0.0624214;GSE226151:0.265449	GSE111006_HSS:0.0485734;GSE111010_JSS:0.682741;GSE111016_SSS:0.307806;GSE226151:0.0156047	GSE111006_HSS:0.568272;GSE111010_JSS:0.999436;GSE111016_SSS:0.908485;GSE226151:0.493013
SLC13A5	2	GSE111016_SSS,GSE226151	case_down	-0.04010555257089499	0.013946517946464863	-2.875667799291856	0.004031737858031959	0.5439241225210717	2	0	0	2	1.0	2	2	1.0	GSE111016_SSS:match(heldout=-0.030487,discovery_mean=-0.060327);GSE226151:match(heldout=-0.060327,discovery_mean=-0.030487)	1.1880727707719454	15.830071641970708	7.047858602620881e-05	False	GSE111016_SSS:-0.0304868;GSE226151:-0.060327	GSE111016_SSS:0.0453148;GSE226151:0.0130082	GSE111016_SSS:0.894611;GSE226151:0.481253
COL9A1	2	GSE111016_SSS,GSE226151	case_down	-0.06950424681397419	0.024179444008787288	-2.8745179909312624	0.004046447159319916	0.5439241225210717	1	0	0	2	1.0	2	2	1.0	GSE111016_SSS:match(heldout=-0.061358,discovery_mean=-0.13848);GSE226151:match(heldout=-0.13848,discovery_mean=-0.061358)	0.9610033510099178	0.0	0.0	False	GSE111016_SSS:-0.0613582;GSE226151:-0.138476	GSE111016_SSS:0.0215498;GSE226151:0.0708782	GSE111016_SSS:0.894611;GSE226151:0.56439
FAM177B	3	GSE111006_HSS,GSE111016_SSS,GSE226151	case_down	-0.09907834827205926	0.03447762821572732	-2.873699653935698	0.00405694565853586	0.5439241225210717	1	0	0	3	1.0	3	3	1.0	GSE111006_HSS:match(heldout=-0.1236,discovery_mean=-0.079284);GSE111016_SSS:match(heldout=-0.044562,discovery_mean=-0.1188);GSE226151:match(heldout=-0.11401,discovery_mean=-0.084079)	0.7028513460107149	0.0	0.0	False	GSE111006_HSS:-0.123595;GSE111016_SSS:-0.044562;GSE226151:-0.114006	GSE111006_HSS:0.548914;GSE111016_SSS:0.54905;GSE226151:0.00685962	GSE111006_HSS:0.905547;GSE111016_SSS:0.924044;GSE226151:0.428695
COX4I2	4	GSE111006_HSS,GSE111010_JSS,GSE111016_SSS,GSE226151	case_down	-0.16793030793646385	0.05843913906617106	-2.8735931196097044	0.004058314211725289	0.5439241225210717	1	0	0	4	1.0	4	4	1.0	GSE111006_HSS:match(heldout=-0.13244,discovery_mean=-0.16224);GSE111010_JSS:match(heldout=-0.10245,discovery_mean=-0.17223);GSE111016_SSS:match(heldout=-0.1738,discovery_mean=-0.14845);GSE226151:match(heldout=-0.21046,discovery_mean=-0.13623)	0.15565115773080135	0.0	0.0	False	GSE111006_HSS:-0.132443;GSE111010_JSS:-0.102445;GSE111016_SSS:-0.173805;GSE226151:-0.210457	GSE111006_HSS:0.588642;GSE111010_JSS:0.631941;GSE111016_SSS:0.0110425;GSE226151:0.40243	GSE111006_HSS:0.917588;GSE111010_JSS:0.999436;GSE111016_SSS:0.894611;GSE226151:0.732246
SH3BP5-AS1	3	GSE111006_HSS,GSE111010_JSS,GSE111016_SSS	case_up	0.20417316884030057	0.07108320748313203	2.872312267123718	0.004074801038651922	0.5439241225210717	1	0	3	0	1.0	3	3	1.0	GSE111006_HSS:match(heldout=0.09021,discovery_mean=0.27973);GSE111010_JSS:match(heldout=0.3465,discovery_mean=0.15158);GSE111016_SSS:match(heldout=0.21296,discovery_mean=0.21835)	0.7983949198125099	0.0	0.0	False	GSE111006_HSS:0.0902099;GSE111010_JSS:0.346499;GSE111016_SSS:0.212958	GSE111006_HSS:0.606918;GSE111010_JSS:0.162257;GSE111016_SSS:0.0138803	GSE111006_HSS:0.925973;GSE111010_JSS:0.999436;GSE111016_SSS:0.894611
POLR2I	4	GSE111006_HSS,GSE111010_JSS,GSE111016_SSS,GSE226151	case_down	-0.09904282008868841	0.034485984590210655	-2.871973100539027	0.004079176877643416	0.5439241225210717	1	0	0	4	1.0	4	4	1.0	GSE111006_HSS:match(heldout=-0.020209,discovery_mean=-0.15238);GSE111010_JSS:match(heldout=-0.048957,discovery_mean=-0.14279);GSE111016_SSS:match(heldout=-0.10408,discovery_mean=-0.12442);GSE226151:match(heldout=-0.3041,discovery_mean=-0.057748)	2.7363854336398576	0.0	0.0	False	GSE111006_HSS:-0.0202089;GSE111010_JSS:-0.0489573;GSE111016_SSS:-0.104079;GSE226151:-0.304095	GSE111006_HSS:0.818968;GSE111010_JSS:0.774484;GSE111016_SSS:0.0128036;GSE226151:0.0529885	GSE111006_HSS:0.969212;GSE111010_JSS:0.999436;GSE111016_SSS:0.894611;GSE226151:0.558041
PAQR9	4	GSE111006_HSS,GSE111010_JSS,GSE111016_SSS,GSE226151	case_down	-0.25913466887894393	0.0903891656351043	-2.8668775406673763	0.004145433834197979	0.5450875807954743	1	0	0	4	1.0	4	4	1.0	GSE111006_HSS:match(heldout=-0.40991,discovery_mean=-0.26376);GSE111010_JSS:match(heldout=-0.16157,discovery_mean=-0.34654);GSE111016_SSS:match(heldout=-0.17653,discovery_mean=-0.34155);GSE226151:match(heldout=-0.45318,discovery_mean=-0.24934)	1.9186131289699713	0.0	0.0	False	GSE111006_HSS:-0.409914;GSE111010_JSS:-0.16157;GSE111016_SSS:-0.176531;GSE226151:-0.453178	GSE111006_HSS:0.251421;GSE111010_JSS:0.634042;GSE111016_SSS:0.134469;GSE226151:0.0175898	GSE111006_HSS:0.781689;GSE111010_JSS:0.999436;GSE111016_SSS:0.894611;GSE226151:0.495387
ASCC2	4	GSE111006_HSS,GSE111010_JSS,GSE111016_SSS,GSE226151	case_down	-0.10636372625146648	0.0371015423736418	-2.86682761542094	0.004146087809044923	0.5450875807954743	1	0	0	4	1.0	4	4	1.0	GSE111006_HSS:match(heldout=-0.031817,discovery_mean=-0.13659);GSE111010_JSS:match(heldout=-0.19844,discovery_mean=-0.081051);GSE111016_SSS:match(heldout=-0.095447,discovery_mean=-0.11538);GSE226151:match(heldout=-0.11589,discovery_mean=-0.10857)	2.0528641796986267	0.0	0.0	False	GSE111006_HSS:-0.031817;GSE111010_JSS:-0.198442;GSE111016_SSS:-0.0954473;GSE226151:-0.11589	GSE111006_HSS:0.709151;GSE111010_JSS:0.0271263;GSE111016_SSS:0.0844458;GSE226151:0.261628	GSE111006_HSS:0.949777;GSE111010_JSS:0.999436;GSE111016_SSS:0.894611;GSE226151:0.660979
SMG1	4	GSE111006_HSS,GSE111010_JSS,GSE111016_SSS,GSE226151	case_up	0.13567372917946025	0.047338691165095384	2.866021975687778	0.004156653900450526	0.5450875807954743	1	0	4	0	1.0	4	4	1.0	GSE111006_HSS:match(heldout=0.22353,discovery_mean=0.10035);GSE111010_JSS:match(heldout=0.030867,discovery_mean=0.16457);GSE111016_SSS:match(heldout=0.10217,discovery_mean=0.14081);GSE226151:match(heldout=0.16802,discovery_mean=0.11886)	1.6658829986631505	0.0	0.0	False	GSE111006_HSS:0.223532;GSE111010_JSS:0.0308672;GSE111016_SSS:0.102166;GSE226151:0.168019	GSE111006_HSS:0.0171911;GSE111010_JSS:0.861448;GSE111016_SSS:0.108844;GSE226151:0.38898	GSE111006_HSS:0.462727;GSE111010_JSS:0.999436;GSE111016_SSS:0.894611;GSE226151:0.726852
DNAJC12	4	GSE111006_HSS,GSE111010_JSS,GSE111016_SSS,GSE226151	case_down	-0.21273654459223595	0.0742545303684904	-2.8649638417551664	0.004170568607940777	0.5450875807954743	0	0	0	4	1.0	4	4	1.0	GSE111006_HSS:match(heldout=-0.46572,discovery_mean=-0.23909);GSE111010_JSS:match(heldout=-0.33028,discovery_mean=-0.28424);GSE111016_SSS:match(heldout=-0.14998,discovery_mean=-0.34434);GSE226151:match(heldout=-0.23701,discovery_mean=-0.31533)	1.9325915978146184	0.0	0.0	False	GSE111006_HSS:-0.465718;GSE111010_JSS:-0.330284;GSE111016_SSS:-0.149977;GSE226151:-0.237014	GSE111006_HSS:0.0545933;GSE111010_JSS:0.164878;GSE111016_SSS:0.109424;GSE226151:0.251304	GSE111006_HSS:0.571706;GSE111010_JSS:0.999436;GSE111016_SSS:0.894611;GSE226151:0.65477
VWA8	4	GSE111006_HSS,GSE111010_JSS,GSE111016_SSS,GSE226151	case_down	-0.12022824045450334	0.04199882651429614	-2.8626571367078166	0.004201048902160414	0.5454707867199798	2	0	0	4	1.0	4	4	1.0	GSE111006_HSS:match(heldout=-0.24063,discovery_mean=-0.084987);GSE111010_JSS:match(heldout=-0.14735,discovery_mean=-0.11608);GSE111016_SSS:match(heldout=-0.044916,discovery_mean=-0.15023);GSE226151:match(heldout=-0.062698,discovery_mean=-0.1443)	3.8667316351383954	22.41509669980947	0.0016329053318740248	False	GSE111006_HSS:-0.240631;GSE111010_JSS:-0.147347;GSE111016_SSS:-0.0449164;GSE226151:-0.0626983	GSE111006_HSS:0.0175396;GSE111010_JSS:0.00908124;GSE111016_SSS:0.410589;GSE226151:0.78965	GSE111006_HSS:0.463712;GSE111010_JSS:0.999436;GSE111016_SSS:0.910309;GSE226151:0.920482
PARK7	4	GSE111006_HSS,GSE111010_JSS,GSE111016_SSS,GSE226151	case_down	-0.10385810487088405	0.03628627416332711	-2.862187073917022	0.004207284938897504	0.5454707867199798	1	0	0	4	1.0	4	4	1.0	GSE111006_HSS:match(heldout=-0.06971,discovery_mean=-0.14635);GSE111010_JSS:match(heldout=-0.052201,discovery_mean=-0.15219);GSE111016_SSS:match(heldout=-0.10292,discovery_mean=-0.13528);GSE226151:match(heldout=-0.28392,discovery_mean=-0.074944)	1.8558271440364216	0.0	0.0	False	GSE111006_HSS:-0.0697097;GSE111010_JSS:-0.0522012;GSE111016_SSS:-0.102923;GSE226151:-0.283924	GSE111006_HSS:0.463834;GSE111010_JSS:0.649001;GSE111016_SSS:0.0242582;GSE226151:0.0602255	GSE111006_HSS:0.877215;GSE111010_JSS:0.999436;GSE111016_SSS:0.894611;GSE226151:0.561229
FLYWCH2	4	GSE111006_HSS,GSE111010_JSS,GSE111016_SSS,GSE226151	case_down	-0.13996728981486967	0.048920871598868564	-2.8610955864103373	0.004221797436515363	0.5454707867199798	1	0	0	4	1.0	4	4	1.0	GSE111006_HSS:match(heldout=-0.13965,discovery_mean=-0.14665);GSE111010_JSS:match(heldout=-0.044829,discovery_mean=-0.17826);GSE111016_SSS:match(heldout=-0.13001,discovery_mean=-0.14986);GSE226151:match(heldout=-0.2651,discovery_mean=-0.10483)	0.9183898193796948	0.0	0.0	False	GSE111006_HSS:-0.13965;GSE111010_JSS:-0.0448295;GSE111016_SSS:-0.130013;GSE226151:-0.265103	GSE111006_HSS:0.329099;GSE111010_JSS:0.826782;GSE111016_SSS:0.0302889;GSE226151:0.0921065	GSE111006_HSS:0.823692;GSE111010_JSS:0.999436;GSE111016_SSS:0.894611;GSE226151:0.580452
NAGS	2	GSE111016_SSS,GSE226151	case_down	-0.06999379216340948	0.024499561835196998	-2.856940570375987	0.004277459186038127	0.5500499328459582	1	0	0	2	1.0	2	2	1.0	GSE111016_SSS:match(heldout=-0.063423,discovery_mean=-0.10245);GSE226151:match(heldout=-0.10245,discovery_mean=-0.063423)	0.3552914459535205	0.0	0.0	False	GSE111016_SSS:-0.0634234;GSE226151:-0.102451	GSE111016_SSS:0.0236148;GSE226151:0.0947944	GSE111016_SSS:0.894611;GSE226151:0.580452
PRDX5	4	GSE111006_HSS,GSE111010_JSS,GSE111016_SSS,GSE226151	case_down	-0.14679157326032902	0.051393867904366654	-2.8562079338624162	0.004287342523640602	0.5500499328459582	2	0	0	4	1.0	4	4	1.0	GSE111006_HSS:match(heldout=-0.061667,discovery_mean=-0.21645);GSE111010_JSS:match(heldout=-0.081206,discovery_mean=-0.20994);GSE111016_SSS:match(heldout=-0.17768,discovery_mean=-0.17778);GSE226151:match(heldout=-0.39047,discovery_mean=-0.10685)	3.4289772050836853	12.510354529265994	0.001448432365436385	False	GSE111006_HSS:-0.0616667;GSE111010_JSS:-0.0812062;GSE111016_SSS:-0.177676;GSE226151:-0.39047	GSE111006_HSS:0.478211;GSE111010_JSS:0.54005;GSE111016_SSS:0.00881244;GSE226151:0.0310904	GSE111006_HSS:0.882201;GSE111010_JSS:0.999436;GSE111016_SSS:0.894611;GSE226151:0.528538
NR0B2	3	GSE111006_HSS,GSE111016_SSS,GSE226151	case_down	-0.1437230740614443	0.05033770324131097	-2.855177427791226	0.0043012791994412915	0.5500499328459582	1	0	0	3	1.0	3	3	1.0	GSE111006_HSS:match(heldout=-0.12695,discovery_mean=-0.16717);GSE111016_SSS:match(heldout=-0.11521,discovery_mean=-0.17304);GSE226151:match(heldout=-0.21913,discovery_mean=-0.12108)	0.8363904433304516	0.0	0.0	False	GSE111006_HSS:-0.126954;GSE111016_SSS:-0.115213;GSE226151:-0.21913	GSE111006_HSS:0.675081;GSE111016_SSS:0.0631386;GSE226151:0.0295034	GSE111006_HSS:0.941051;GSE111016_SSS:0.894611;GSE226151:0.527228
ANKFY1	4	GSE111006_HSS,GSE111010_JSS,GSE111016_SSS,GSE226151	case_up	0.17766791489139314	0.06231997494065593	2.8508983686302356	0.00435959015032213	0.5509254291415812	1	0	4	0	1.0	4	4	1.0	GSE111006_HSS:match(heldout=0.35126,discovery_mean=0.18955);GSE111010_JSS:match(heldout=0.13788,discovery_mean=0.26068);GSE111016_SSS:match(heldout=0.093546,discovery_mean=0.27546);GSE226151:match(heldout=0.33724,discovery_mean=0.19423)	4.384034838341039	31.56988685940213	0.00490123847789776	False	GSE111006_HSS:0.351264;GSE111010_JSS:0.137876;GSE111016_SSS:0.0935462;GSE226151:0.337242	GSE111006_HSS:0.00514792;GSE111010_JSS:0.13842;GSE111016_SSS:0.163923;GSE226151:0.152542	GSE111006_HSS:0.416833;GSE111010_JSS:0.999436;GSE111016_SSS:0.894611;GSE226151:0.606862
CKMT2-AS1	3	GSE111006_HSS,GSE111010_JSS,GSE111016_SSS	case_up	0.1716222345498297	0.0602081736601434	2.8504806592969314	0.004365320514943351	0.5509254291415812	1	0	3	0	1.0	3	3	1.0	GSE111006_HSS:match(heldout=0.44559,discovery_mean=0.14964);GSE111010_JSS:match(heldout=0.13475,discovery_mean=0.30506);GSE111016_SSS:match(heldout=0.16454,discovery_mean=0.29017)	0.7240894513792926	0.0	0.0	False	GSE111006_HSS:0.445589;GSE111010_JSS:0.13475;GSE111016_SSS:0.164537	GSE111006_HSS:0.188999;GSE111010_JSS:0.549933;GSE111016_SSS:0.0138955	GSE111006_HSS:0.738091;GSE111010_JSS:0.999436;GSE111016_SSS:0.894611
MTRES1	4	GSE111006_HSS,GSE111010_JSS,GSE111016_SSS,GSE226151	case_down	-0.16552078057452577	0.058070075828169206	-2.8503627421514977	0.004366939402040342	0.5509254291415812	3	0	0	4	1.0	4	4	1.0	GSE111006_HSS:match(heldout=-0.23854,discovery_mean=-0.15957);GSE111010_JSS:match(heldout=-0.033149,discovery_mean=-0.22803);GSE111016_SSS:match(heldout=-0.10729,discovery_mean=-0.20332);GSE226151:match(heldout=-0.33827,discovery_mean=-0.12633)	5.69432773179504	47.31599336565932	0.006272519036989643	False	GSE111006_HSS:-0.238541;GSE111010_JSS:-0.0331492;GSE111016_SSS:-0.107288;GSE226151:-0.338266	GSE111006_HSS:0.00768925;GSE111010_JSS:0.753484;GSE111016_SSS:0.0446448;GSE226151:0.00619447	GSE111006_HSS:0.428473;GSE111010_JSS:0.999436;GSE111016_SSS:0.894611;GSE226151:0.412689
ATP5F1A	4	GSE111006_HSS,GSE111010_JSS,GSE111016_SSS,GSE226151	case_down	-0.21058751248894306	0.07394737841051209	-2.8478022752867016	0.0044022265885876495	0.5535135169388947	1	0	0	4	1.0	4	4	1.0	GSE111006_HSS:match(heldout=-0.13609,discovery_mean=-0.20426);GSE111010_JSS:match(heldout=-0.016025,discovery_mean=-0.24429);GSE111016_SSS:match(heldout=-0.21259,discovery_mean=-0.17877);GSE226151:match(heldout=-0.38418,discovery_mean=-0.12157)	4.7797280890760625	37.23492332426989	0.008107782113543096	False	GSE111006_HSS:-0.136094;GSE111010_JSS:-0.0160248;GSE111016_SSS:-0.212588;GSE226151:-0.384176	GSE111006_HSS:0.238429;GSE111010_JSS:0.920411;GSE111016_SSS:0.0543148;GSE226151:0.000624359	GSE111006_HSS:0.773061;GSE111010_JSS:0.999436;GSE111016_SSS:0.894611;GSE226151:0.21598
U2AF1	4	GSE111006_HSS,GSE111010_JSS,GSE111016_SSS,GSE226151	case_up	0.15986532653193866	0.05621300289087279	2.8439207711832757	0.004456212721303532	0.5564045506848359	1	0	4	0	1.0	4	4	1.0	GSE111006_HSS:match(heldout=1.2302,discovery_mean=0.37464);GSE111010_JSS:match(heldout=0.69731,discovery_mean=0.55226);GSE111016_SSS:match(heldout=0.13596,discovery_mean=0.73938);GSE226151:match(heldout=0.29063,discovery_mean=0.68782)	2.948484756557566	0.0	0.0	False	GSE111006_HSS:1.2302;GSE111010_JSS:0.69731;GSE111016_SSS:0.135962;GSE226151:0.290634	GSE111006_HSS:0.137231;GSE111010_JSS:0.38386;GSE111016_SSS:0.0284637;GSE226151:0.108497	GSE111006_HSS:0.690271;GSE111010_JSS:0.999436;GSE111016_SSS:0.894611;GSE226151:0.583309
RPL13P5	2	GSE111006_HSS,GSE111016_SSS	case_down	-0.16121670995414436	0.056690266303796207	-2.8438164162116246	0.0044576723945952005	0.5564045506848359	1	0	0	2	1.0	2	2	1.0	GSE111006_HSS:match(heldout=-0.14831,discovery_mean=-0.16173);GSE111016_SSS:match(heldout=-0.16173,discovery_mean=-0.14831)	0.0020469452540215365	0.0	0.0	False	GSE111006_HSS:-0.148309;GSE111016_SSS:-0.161726	GSE111006_HSS:0.613989;GSE111016_SSS:0.00811376	GSE111006_HSS:0.925973;GSE111016_SSS:0.894611
RD3L	2	GSE111016_SSS,GSE226151	case_down	-0.059065993127940856	0.02077628338865739	-2.842952804551528	0.004469768869095401	0.5564045506848359	1	0	0	2	1.0	2	2	1.0	GSE111016_SSS:match(heldout=-0.061884,discovery_mean=-0.046316);GSE226151:match(heldout=-0.046316,discovery_mean=-0.061884)	0.08323617927159377	0.0	0.0	False	GSE111016_SSS:-0.061884;GSE226151:-0.0463163	GSE111016_SSS:0.0105098;GSE226151:0.34921	GSE111016_SSS:0.894611;GSE226151:0.70675
TMED1	4	GSE111006_HSS,GSE111010_JSS,GSE111016_SSS,GSE226151	case_down	-0.11269477801703744	0.03968649332652196	-2.8396254889500403	0.004516652614453098	0.5603789960627256	0	0	0	4	1.0	4	4	1.0	GSE111006_HSS:match(heldout=-0.17064,discovery_mean=-0.10785);GSE111010_JSS:match(heldout=-0.094079,discovery_mean=-0.13337);GSE111016_SSS:match(heldout=-0.075412,discovery_mean=-0.1396);GSE226151:match(heldout=-0.15407,discovery_mean=-0.11338)	1.1274906593051401	0.0	0.0	False	GSE111006_HSS:-0.170643;GSE111010_JSS:-0.0940786;GSE111016_SSS:-0.0754115;GSE226151:-0.154068	GSE111006_HSS:0.0661013;GSE111010_JSS:0.538376;GSE111016_SSS:0.181178;GSE226151:0.0778454	GSE111006_HSS:0.594363;GSE111010_JSS:0.999436;GSE111016_SSS:0.894611;GSE226151:0.570148
DNAJB6P1	3	GSE111006_HSS,GSE111010_JSS,GSE111016_SSS	case_down	-0.13187211769320686	0.04647096430306322	-2.837731466754054	0.004543538997306586	0.5618543323104966	0	0	0	3	1.0	3	3	1.0	GSE111006_HSS:match(heldout=-0.13607,discovery_mean=-0.21141);GSE111010_JSS:match(heldout=-0.31575,discovery_mean=-0.12156);GSE111016_SSS:match(heldout=-0.10706,discovery_mean=-0.22591)	1.6273440280833387	0.0	0.0	False	GSE111006_HSS:-0.136068;GSE111010_JSS:-0.315753;GSE111016_SSS:-0.107059	GSE111006_HSS:0.199442;GSE111010_JSS:0.0538094;GSE111016_SSS:0.0602343	GSE111006_HSS:0.746217;GSE111010_JSS:0.999436;GSE111016_SSS:0.894611
ATP6V1D	4	GSE111006_HSS,GSE111010_JSS,GSE111016_SSS,GSE226151	case_down	-0.09401172319134485	0.03316998856167014	-2.834240446497497	0.0045934755553284235	0.5625307772948951	1	0	0	4	1.0	4	4	1.0	GSE111006_HSS:match(heldout=-0.072976,discovery_mean=-0.10785);GSE111010_JSS:match(heldout=-0.019565,discovery_mean=-0.12565);GSE111016_SSS:match(heldout=-0.092796,discovery_mean=-0.10124);GSE226151:match(heldout=-0.21119,discovery_mean=-0.061779)	2.8136924035330844	0.0	0.0	False	GSE111006_HSS:-0.0729756;GSE111010_JSS:-0.0195654;GSE111016_SSS:-0.092796;GSE226151:-0.211186	GSE111006_HSS:0.278001;GSE111010_JSS:0.815221;GSE111016_SSS:0.073326;GSE226151:0.0177752	GSE111006_HSS:0.795726;GSE111010_JSS:0.999436;GSE111016_SSS:0.894611;GSE226151:0.495387
ZNF136	4	GSE111006_HSS,GSE111010_JSS,GSE111016_SSS,GSE226151	case_up	0.11789303144856794	0.041626650626515486	2.8321527116445933	0.004623576105523067	0.5625307772948951	1	0	4	0	1.0	4	4	1.0	GSE111006_HSS:match(heldout=0.0092734,discovery_mean=0.18383);GSE111010_JSS:match(heldout=0.17611,discovery_mean=0.12822);GSE111016_SSS:match(heldout=0.099448,discovery_mean=0.15377);GSE226151:match(heldout=0.27593,discovery_mean=0.094943)	2.878010804080432	0.0	0.0	False	GSE111006_HSS:0.00927344;GSE111010_JSS:0.176107;GSE111016_SSS:0.0994482;GSE226151:0.275927	GSE111006_HSS:0.933069;GSE111010_JSS:0.0848841;GSE111016_SSS:0.0786423;GSE226151:0.0445239	GSE111006_HSS:0.991492;GSE111010_JSS:0.999436;GSE111016_SSS:0.894611;GSE226151:0.555581
FMNL2	4	GSE111006_HSS,GSE111010_JSS,GSE111016_SSS,GSE226151	case_up	0.2238588322659556	0.07906509751078146	2.83132304030144	0.0046355876568796445	0.5625307772948951	1	0	4	0	1.0	4	4	1.0	GSE111006_HSS:match(heldout=0.29542,discovery_mean=0.18952);GSE111010_JSS:match(heldout=0.18265,discovery_mean=0.22711);GSE111016_SSS:match(heldout=0.14884,discovery_mean=0.23838);GSE226151:match(heldout=0.23707,discovery_mean=0.20897)	0.7283920431551646	0.0	0.0	False	GSE111006_HSS:0.295416;GSE111010_JSS:0.182648;GSE111016_SSS:0.148844;GSE226151:0.237068	GSE111006_HSS:0.0202015;GSE111010_JSS:0.53461;GSE111016_SSS:0.247416;GSE226151:0.342759	GSE111006_HSS:0.484143;GSE111010_JSS:0.999436;GSE111016_SSS:0.90174;GSE226151:0.702388
C7orf57	2	GSE111016_SSS,GSE226151	case_up	0.01935012192060309	0.006834886710368057	2.831081587826507	0.004639088584806709	0.5625307772948951	1	0	2	0	1.0	2	2	1.0	GSE111016_SSS:match(heldout=0.020069,discovery_mean=0.009776);GSE226151:match(heldout=0.009776,discovery_mean=0.020069)	0.14733993166911497	0.0	0.0	False	GSE111016_SSS:0.020069;GSE226151:0.00977599	GSE111016_SSS:0.00744333;GSE226151:0.707645	GSE111016_SSS:0.894611;GSE226151:0.882252
RCC1L	4	GSE111006_HSS,GSE111010_JSS,GSE111016_SSS,GSE226151	case_down	-0.10412338158574401	0.03687230887110598	-2.8238910112661153	0.004744451525283289	0.5644492846747351	0	0	0	4	1.0	4	4	1.0	GSE111006_HSS:match(heldout=-0.17416,discovery_mean=-0.11775);GSE111010_JSS:match(heldout=-0.12543,discovery_mean=-0.13399);GSE111016_SSS:match(heldout=-0.075085,discovery_mean=-0.15077);GSE226151:match(heldout=-0.15272,discovery_mean=-0.12489)	1.2149631093956448	0.0	0.0	False	GSE111006_HSS:-0.174164;GSE111010_JSS:-0.125429;GSE111016_SSS:-0.0750855;GSE226151:-0.152725	GSE111006_HSS:0.0870863;GSE111010_JSS:0.492496;GSE111016_SSS:0.109124;GSE226151:0.0989307	GSE111006_HSS:0.62999;GSE111010_JSS:0.999436;GSE111016_SSS:0.894611;GSE226151:0.581767
MAPKAP1	4	GSE111006_HSS,GSE111010_JSS,GSE111016_SSS,GSE226151	case_down	-0.08109156720704062	0.02875849487815163	-2.819743089846034	0.004806211193309898	0.5644492846747351	1	0	0	4	1.0	4	4	1.0	GSE111006_HSS:match(heldout=-0.16997,discovery_mean=-0.058228);GSE111010_JSS:match(heldout=-0.086527,discovery_mean=-0.086042);GSE111016_SSS:match(heldout=-0.081599,discovery_mean=-0.087685);GSE226151:match(heldout=-0.006558,discovery_mean=-0.1127)	2.1128868471378466	0.0	0.0	False	GSE111006_HSS:-0.16997;GSE111010_JSS:-0.0865274;GSE111016_SSS:-0.0815987;GSE226151:-0.00655798	GSE111006_HSS:0.0530349;GSE111010_JSS:0.43405;GSE111016_SSS:0.0263806;GSE226151:0.930453	GSE111006_HSS:0.571706;GSE111010_JSS:0.999436;GSE111016_SSS:0.894611;GSE226151:0.974895
SRRM1	4	GSE111006_HSS,GSE111010_JSS,GSE111016_SSS,GSE226151	case_up	0.11026924901216299	0.03912030701497245	2.8187214627420953	0.004821533741338764	0.5644492846747351	1	0	4	0	1.0	4	4	1.0	GSE111006_HSS:match(heldout=0.064472,discovery_mean=0.11257);GSE111010_JSS:match(heldout=0.012297,discovery_mean=0.12996);GSE111016_SSS:match(heldout=0.12997,discovery_mean=0.090737);GSE226151:match(heldout=0.19544,discovery_mean=0.068914)	1.2154931733335597	0.0	0.0	False	GSE111006_HSS:0.0644722;GSE111010_JSS:0.0122972;GSE111016_SSS:0.129972;GSE226151:0.195442	GSE111006_HSS:0.422419;GSE111010_JSS:0.935896;GSE111016_SSS:0.0124473;GSE226151:0.215656	GSE111006_HSS:0.860436;GSE111010_JSS:0.999436;GSE111016_SSS:0.894611;GSE226151:0.638988
RNF181	4	GSE111006_HSS,GSE111010_JSS,GSE111016_SSS,GSE226151	case_down	-0.09241468549720644	0.032803559919831665	-2.8172151352797647	0.004844206552482538	0.5644492846747351	1	0	0	4	1.0	4	4	1.0	GSE111006_HSS:match(heldout=-0.14789,discovery_mean=-0.13328);GSE111010_JSS:match(heldout=-0.055153,discovery_mean=-0.16419);GSE111016_SSS:match(heldout=-0.068373,discovery_mean=-0.15979);GSE226151:match(heldout=-0.27632,discovery_mean=-0.090471)	1.978349470504517	0.0	0.0	False	GSE111006_HSS:-0.147886;GSE111010_JSS:-0.055153;GSE111016_SSS:-0.0683728;GSE226151:-0.27632	GSE111006_HSS:0.0299024;GSE111010_JSS:0.579716;GSE111016_SSS:0.112986;GSE226151:0.194527	GSE111006_HSS:0.512525;GSE111010_JSS:0.999436;GSE111016_SSS:0.894611;GSE226151:0.6237
RSPO3	4	GSE111006_HSS,GSE111010_JSS,GSE111016_SSS,GSE226151	case_down	-0.3832512785393271	0.13605998424250365	-2.816781735445796	0.004850747809262716	0.5644492846747351	3	0	0	4	1.0	4	4	1.0	GSE111006_HSS:match(heldout=-0.97392,discovery_mean=-0.34599);GSE111010_JSS:match(heldout=-0.12856,discovery_mean=-0.62777);GSE111016_SSS:match(heldout=-0.28959,discovery_mean=-0.5741);GSE226151:match(heldout=-0.61981,discovery_mean=-0.46402)	4.021874910767769	25.407923752971595	0.020424112468202218	False	GSE111006_HSS:-0.973916;GSE111010_JSS:-0.128564;GSE111016_SSS:-0.289595;GSE226151:-0.619811	GSE111006_HSS:0.0292702;GSE111010_JSS:0.637358;GSE111016_SSS:0.0248644;GSE226151:0.0317783	GSE111006_HSS:0.510264;GSE111010_JSS:0.999436;GSE111016_SSS:0.894611;GSE226151:0.528796
ENPP5	4	GSE111006_HSS,GSE111010_JSS,GSE111016_SSS,GSE226151	case_down	-0.2681685907866761	0.09535848675751715	-2.812215251156303	0.004920156539980959	0.5684313891148082	2	0	0	4	1.0	4	4	1.0	GSE111006_HSS:match(heldout=-0.17974,discovery_mean=-0.27629);GSE111010_JSS:match(heldout=-0.035872,discovery_mean=-0.32424);GSE111016_SSS:match(heldout=-0.29998,discovery_mean=-0.23621);GSE226151:match(heldout=-0.49301,discovery_mean=-0.17187)	1.9930552980870648	0.0	0.0	False	GSE111006_HSS:-0.179745;GSE111010_JSS:-0.0358724;GSE111016_SSS:-0.299983;GSE226151:-0.493006	GSE111006_HSS:0.415459;GSE111010_JSS:0.885838;GSE111016_SSS:0.0324357;GSE226151:0.0463341	GSE111006_HSS:0.858234;GSE111010_JSS:0.999436;GSE111016_SSS:0.894611;GSE226151:0.558041
L3MBTL1	4	GSE111006_HSS,GSE111010_JSS,GSE111016_SSS,GSE226151	case_up	0.13646453712903028	0.04854987852154776	2.8108110933473003	0.004941679042865121	0.5684313891148082	1	0	4	0	1.0	4	4	1.0	GSE111006_HSS:match(heldout=0.26037,discovery_mean=0.095895);GSE111010_JSS:match(heldout=0.01226,discovery_mean=0.1786);GSE111016_SSS:match(heldout=0.11097,discovery_mean=0.14569);GSE226151:match(heldout=0.16445,discovery_mean=0.12787)	2.362442448771596	0.0	0.0	False	GSE111006_HSS:0.260368;GSE111010_JSS:0.0122599;GSE111016_SSS:0.110972;GSE226151:0.164453	GSE111006_HSS:0.0211031;GSE111010_JSS:0.929481;GSE111016_SSS:0.102766;GSE226151:0.227178	GSE111006_HSS:0.486155;GSE111010_JSS:0.999436;GSE111016_SSS:0.894611;GSE226151:0.644315
DLD	4	GSE111006_HSS,GSE111010_JSS,GSE111016_SSS,GSE226151	case_down	-0.13845794974980283	0.04927634772341422	-2.8098257307331433	0.004956833184161772	0.5684313891148082	1	0	0	4	1.0	4	4	1.0	GSE111006_HSS:match(heldout=-0.19636,discovery_mean=-0.1291);GSE111010_JSS:match(heldout=-0.021022,discovery_mean=-0.18755);GSE111016_SSS:match(heldout=-0.14807,discovery_mean=-0.1452);GSE226151:match(heldout=-0.21822,discovery_mean=-0.12182)	1.804297633077795	0.0	0.0	False	GSE111006_HSS:-0.196356;GSE111010_JSS:-0.0210219;GSE111016_SSS:-0.148069;GSE226151:-0.218222	GSE111006_HSS:0.0643231;GSE111010_JSS:0.845087;GSE111016_SSS:0.0489258;GSE226151:0.186325	GSE111006_HSS:0.593109;GSE111010_JSS:0.999436;GSE111016_SSS:0.894611;GSE226151:0.621294
SIN3B	4	GSE111006_HSS,GSE111010_JSS,GSE111016_SSS,GSE226151	case_up	0.12550464684310889	0.04468781661337047	2.8084756954887395	0.004977663955489942	0.568622227891014	1	0	4	0	1.0	4	4	1.0	GSE111006_HSS:match(heldout=0.096181,discovery_mean=0.12965);GSE111010_JSS:match(heldout=0.028079,discovery_mean=0.15235);GSE111016_SSS:match(heldout=0.096047,discovery_mean=0.12969);GSE226151:match(heldout=0.26481,discovery_mean=0.073436)	3.7451003534352387	19.89533745742718	0.0016198118059662502	False	GSE111006_HSS:0.0961809;GSE111010_JSS:0.0280792;GSE111016_SSS:0.0960468;GSE226151:0.264812	GSE111006_HSS:0.129966;GSE111010_JSS:0.814812;GSE111016_SSS:0.205345;GSE226151:0.00359808	GSE111006_HSS:0.683021;GSE111010_JSS:0.999436;GSE111016_SSS:0.895538;GSE226151:0.3458
